ts,videoBitrate,videoIndex,videoPendingIndex,videoPendingMaxIndex,videoMaxIndex,videoBufferLength,videoDroppedFrames,videoLatencyCount,videoLatency,videoDownloadCount,videoDownload,videoRatioCount,videoRatio,videoMtp,videoEtp,videoLiveLatency,videoPlaybackRate,audioBitrate,audioIndex,audioPendingIndex,audioPendingMaxIndex,audioMaxIndex,audioBufferLength,audioDroppedFrames,audioLatencyCount,audioLatency,audioDownloadCount,audioDownload,audioRatioCount,audioRatio,audioMtp,audioEtp,audioLiveLatency,audioPlaybackRate
1744615438,0,0,0,0,0,0,0,0,,0,,0,,0,0,0,1,0,0,0,0,0,0,0,0,,0,,0,,0,0,0,1
1744615438,0,0,0,0,0,0,0,0,,0,,0,,0,0,0,1,0,0,0,0,0,0,0,0,,0,,0,,0,0,0,1
1744615438,0,0,0,0,0,0,0,0,,0,,0,,0,0,0,1,0,0,0,0,0,0,0,0,,0,,0,,0,0,0,1
1744615439,0,0,0,0,0,0,0,0,,0,,0,,0,0,0,1,0,0,0,0,0,0,0,0,,0,,0,,0,0,0,1
1744615439,0,0,0,0,0,0,0,0,,0,,0,,0,0,0,1,0,0,0,0,0,0,0,0,,0,,0,,0,0,0,1
1744615439,0,0,0,0,0,0,0,0,,0,,0,,0,0,0,1,0,0,0,0,0,0,0,0,,0,,0,,0,0,0,1
1744615439,0,0,0,0,0,0,0,0,,0,,0,,0,0,0,1,0,0,0,0,0,0,0,0,,0,,0,,0,0,0,1
1744615439,0,0,0,0,0,0,0,0,,0,,0,,0,0,0,1,0,0,0,0,0,0,0,0,,0,,0,,0,0,0,1
1744615439,0,0,0,0,0,0,0,0,,0,,0,,0,0,0,1,0,0,0,0,0,0,0,0,,0,,0,,0,0,0,1
1744615439,0,0,0,0,0,0,0,0,,0,,0,,0,0,0,1,0,0,0,0,0,0,0,0,,0,,0,,0,0,0,1
1744615439,0,0,0,0,0,0,0,0,,0,,0,,0,0,0,1,0,0,0,0,0,0,0,0,,0,,0,,0,0,0,1
1744615439,0,0,0,0,0,0,0,0,,0,,0,,0,0,0,1,0,0,0,0,0,0,0,0,,0,,0,,0,0,0,1
1744615439,0,0,0,0,0,0,0,0,,0,,0,,0,0,0,1,0,0,0,0,0,0,0,0,,0,,0,,0,0,0,1
1744615440,0,0,0,0,0,0,0,0,,0,,0,,0,0,0,1,0,0,0,0,0,0,0,0,,0,,0,,0,0,0,1
1744615440,0,0,0,0,0,0,0,0,,0,,0,,0,0,0,1,0,0,0,0,0,0,0,0,,0,,0,,0,0,0,1
1744615440,0,0,0,0,0,0,0,0,,0,,0,,0,0,0,1,0,0,0,0,0,0,0,0,,0,,0,,0,0,0,1
1744615440,0,0,0,0,0,0,0,0,,0,,0,,0,0,0,1,0,0,0,0,0,0,0,0,,0,,0,,0,0,0,1
1744615440,0,0,0,0,0,0,0,0,,0,,0,,0,0,0,1,0,0,0,0,0,0,0,0,,0,,0,,0,0,0,1
1744615440,0,0,0,0,0,0,0,0,,0,,0,,0,0,0,1,0,0,0,0,0,0,0,0,,0,,0,,0,0,0,1
1744615440,0,0,0,0,0,0,0,0,,0,,0,,0,0,0,1,0,0,0,0,0,0,0,0,,0,,0,,0,0,0,1
1744615440,0,0,0,0,0,0,0,0,,0,,0,,0,0,0,1,0,0,0,0,0,0,0,0,,0,,0,,0,0,0,1
1744615440,0,0,0,0,0,0,0,0,,0,,0,,0,0,0,1,0,0,0,0,0,0,0,0,,0,,0,,0,0,0,1
1744615440,0,0,0,0,0,0,0,0,,0,,0,,0,0,0,1,0,0,0,0,0,0,0,0,,0,,0,,0,0,0,1
1744615441,0,0,0,0,0,0,0,0,,0,,0,,0,0,0,1,0,0,0,0,0,0,0,0,,0,,0,,0,0,0,1
1744615441,0,0,0,0,0,0,0,0,,0,,0,,0,0,0,1,0,0,0,0,0,0,0,0,,0,,0,,0,0,0,1
1744615441,0,0,0,0,0,0,0,0,,0,,0,,0,0,0,1,0,0,0,0,0,0,0,0,,0,,0,,0,0,0,1
1744615441,0,0,0,0,0,0,0,0,,0,,0,,0,0,0,1,0,0,0,0,0,0,0,0,,0,,0,,0,0,0,1
1744615441,0,0,0,0,0,0,0,0,,0,,0,,0,0,0,1,0,0,0,0,0,0,0,0,,0,,0,,0,0,0,1
1744615441,599000,0,3,4,0,0,0,0,,0,,0,,0,0,0,1,0,0,0,0,0,0,0,0,,0,,0,,0,0,0,1
1744615441,599000,0,3,4,0,0,0,0,,0,,0,,0,0,0,1,0,0,0,0,0,0,0,0,,0,,0,,0,0,0,1
1744615441,599000,0,3,4,0,0,0,0,,0,,0,,0,0,0,1,0,0,0,0,0,0,0,0,,0,,0,,0,0,0,1
1744615441,599000,0,3,4,0,0,0,0,,0,,0,,0,0,0,1,0,0,0,0,0,0,0,0,,0,,0,,0,0,0,1
1744615441,599000,0,3,4,0,0,0,0,,0,,0,,0,0,0,1,0,0,0,0,0,0,0,0,,0,,0,,0,0,0,1
1744615442,599000,0,3,4,0,0,0,0,,0,,0,,0,0,0,1,0,0,0,0,0,0,0,0,,0,,0,,0,0,0,1
1744615442,599000,0,3,4,0,0,0,0,,0,,0,,0,0,0,1,0,0,0,0,0,0,0,0,,0,,0,,0,0,0,1
1744615442,599000,0,3,4,0,0,0,0,,0,,0,,0,0,0,1,0,0,0,0,0,0,0,0,,0,,0,,0,0,0,1
1744615442,599000,0,3,4,0,0,0,0,,0,,0,,0,0,0,1,0,0,0,0,0,0,0,0,,0,,0,,0,0,0,1
1744615442,599000,0,3,4,0,0,0,0,,0,,0,,0,0,0,1,0,0,0,0,0,0,0,0,,0,,0,,0,0,0,1
1744615442,599000,0,3,4,0,0,0,0,,0,,0,,0,0,0,1,0,0,0,0,0,0,0,0,,0,,0,,0,0,0,1
1744615442,599000,0,3,4,4,0,0,0,,0,,0,,0,0,0,1,0,0,0,0,0,0,0,0,,0,,0,,0,0,0,1
1744615442,599000,0,3,4,4,0,0,0,,0,,0,,0,0,0,1,0,0,0,0,0,0,0,0,,0,,0,,0,0,0,1
1744615442,599000,0,3,4,4,0,0,0,,0,,0,,0,0,0,1,0,0,0,0,0,0,0,0,,0,,0,,0,0,0,1
1744615442,599000,0,3,4,4,0,0,0,,0,,0,,0,0,0,1,0,0,0,0,0,0,0,0,,0,,0,,0,0,0,1
1744615443,599000,0,3,4,4,0,0,0,,0,,0,,0,0,0,1,0,0,0,0,0,0,0,0,,0,,0,,0,0,0,1
1744615443,599000,0,3,4,4,0,0,0,,0,,0,,0,0,0,1,0,0,0,0,0,0,0,0,,0,,0,,0,0,0,1
1744615443,599000,0,3,4,4,0,0,0,,0,,0,,0,0,0,1,0,0,0,0,0,0,0,0,,0,,0,,0,0,0,1
1744615443,599000,0,3,4,4,0,0,0,,0,,0,,0,0,0,1,0,0,0,0,0,0,0,0,,0,,0,,0,0,0,1
1744615443,599000,0,3,4,4,0,0,0,,0,,0,,0,0,0,1,0,0,0,0,0,0,0,0,,0,,0,,0,0,0,1
1744615443,599000,3,3,4,4,2,0,0,0.01 | 0.01 | 0.01,0,1.66 | 1.66 | 1.66,0,1.21 | 1.21 | 1.21,738.658,0.000,0,1,0,0,0,0,0,0,0,0,,0,,0,,0,0,0,1
1744615443,599000,3,3,4,4,2,0,0,0.01 | 0.01 | 0.01,0,1.66 | 1.66 | 1.66,0,1.21 | 1.21 | 1.21,738.658,0.000,0,1,0,0,0,0,0,0,0,0,,0,,0,,0,0,0,1
1744615443,599000,3,3,4,4,2,0,0,0.01 | 0.01 | 0.01,0,1.66 | 1.66 | 1.66,0,1.21 | 1.21 | 1.21,738.658,0.000,0,1,0,0,0,0,0,0,0,0,,0,,0,,0,0,0,1
1744615443,599000,3,3,4,4,2,0,0,0.01 | 0.01 | 0.01,0,1.66 | 1.66 | 1.66,0,1.21 | 1.21 | 1.21,738.658,0.000,0,1,0,0,0,0,0,0,0,0,,0,,0,,0,0,0,1
1744615444,599000,3,3,4,4,2,0,0,0.01 | 0.01 | 0.01,0,1.66 | 1.66 | 1.66,0,1.21 | 1.21 | 1.21,738.658,0.000,0,1,0,0,0,0,0,0,0,0,,0,,0,,0,0,0,1
1744615444,599000,3,3,4,4,2,0,0,0.01 | 0.01 | 0.01,0,1.66 | 1.66 | 1.66,0,1.21 | 1.21 | 1.21,738.658,0.000,0,1,0,0,0,0,0,0,0,0,,0,,0,,0,0,0,1
1744615444,599000,3,3,4,4,2,0,0,0.01 | 0.01 | 0.01,0,1.66 | 1.66 | 1.66,0,1.21 | 1.21 | 1.21,738.658,0.000,0,1,0,0,0,0,0,0,0,0,,0,,0,,0,0,0,1
1744615444,599000,3,3,4,4,2,0,0,0.01 | 0.01 | 0.01,0,1.66 | 1.66 | 1.66,0,1.21 | 1.21 | 1.21,738.658,0.000,0,1,0,0,0,0,0,0,0,0,,0,,0,,0,0,0,1
1744615444,599000,3,3,4,4,2,0,0,0.01 | 0.01 | 0.01,0,1.66 | 1.66 | 1.66,0,1.21 | 1.21 | 1.21,738.658,0.000,0,1,0,0,0,0,0,0,0,0,,0,,0,,0,0,0,1
1744615444,599000,3,3,4,4,2,0,0,0.01 | 0.01 | 0.01,0,1.66 | 1.66 | 1.66,0,1.21 | 1.21 | 1.21,738.658,0.000,0,1,0,0,0,0,0,0,0,0,,0,,0,,0,0,0,1
1744615444,599000,3,3,4,4,1.163,0,0,0.01 | 0.01 | 0.01,0,1.66 | 1.66 | 1.66,0,1.21 | 1.21 | 1.21,738.658,0.000,0,1,0,0,0,0,0,0,0,0,,0,,0,,0,0,0,1
1744615444,599000,3,3,4,4,1.163,0,0,0.01 | 0.01 | 0.01,0,1.66 | 1.66 | 1.66,0,1.21 | 1.21 | 1.21,738.658,0.000,0,1,0,0,0,0,0,0,0,0,,0,,0,,0,0,0,1
1744615444,599000,3,3,4,4,1.163,0,0,0.01 | 0.01 | 0.01,0,1.66 | 1.66 | 1.66,0,1.21 | 1.21 | 1.21,738.658,0.000,0,1,0,0,0,0,0,0,0,0,,0,,0,,0,0,0,1
1744615444,599000,3,3,4,4,1.163,0,0,0.01 | 0.01 | 0.01,0,1.66 | 1.66 | 1.66,0,1.21 | 1.21 | 1.21,738.658,0.000,0,1,0,0,0,0,0,0,0,0,,0,,0,,0,0,0,1
1744615445,599000,3,3,4,4,1.163,0,0,0.01 | 0.01 | 0.01,0,1.66 | 1.66 | 1.66,0,1.21 | 1.21 | 1.21,738.658,0.000,0,1,0,0,0,0,0,0,0,0,,0,,0,,0,0,0,1
1744615445,599000,3,3,4,4,1.163,0,0,0.01 | 0.01 | 0.01,0,1.66 | 1.66 | 1.66,0,1.21 | 1.21 | 1.21,738.658,0.000,0,1,0,0,0,0,0,0,0,0,,0,,0,,0,0,0,1
1744615445,599000,3,3,4,4,1.163,0,0,0.01 | 0.01 | 0.01,0,1.66 | 1.66 | 1.66,0,1.21 | 1.21 | 1.21,738.658,0.000,0,1,0,0,0,0,0,0,0,0,,0,,0,,0,0,0,1
1744615445,599000,3,3,4,4,1.163,0,0,0.01 | 0.01 | 0.01,0,1.66 | 1.66 | 1.66,0,1.21 | 1.21 | 1.21,738.658,0.000,0,1,0,0,0,0,0,0,0,0,,0,,0,,0,0,0,1
1744615445,599000,3,3,4,4,1.163,0,0,0.01 | 0.01 | 0.01,0,1.66 | 1.66 | 1.66,0,1.21 | 1.21 | 1.21,738.658,0.000,0,1,0,0,0,0,0,0,0,0,,0,,0,,0,0,0,1
1744615445,299500,3,1,4,4,2.207,0,0,0.01 | 0.01 | 0.01,0,1.66 | 1.78 | 1.89,0,1.06 | 1.13 | 1.21,699.798,0.000,0,1,0,0,0,0,0,0,0,0,,0,,0,,0,0,0,1
1744615445,299500,3,1,4,4,2.207,0,0,0.01 | 0.01 | 0.01,0,1.66 | 1.78 | 1.89,0,1.06 | 1.13 | 1.21,699.798,0.000,0,1,0,0,0,0,0,0,0,0,,0,,0,,0,0,0,1
1744615445,299500,3,1,4,4,2.207,0,0,0.01 | 0.01 | 0.01,0,1.66 | 1.78 | 1.89,0,1.06 | 1.13 | 1.21,699.798,0.000,0,1,0,0,0,0,0,0,0,0,,0,,0,,0,0,0,1
1744615445,299500,3,1,4,4,2.207,0,0,0.01 | 0.01 | 0.01,0,1.66 | 1.78 | 1.89,0,1.06 | 1.13 | 1.21,699.798,0.000,0,1,0,0,0,0,0,0,0,0,,0,,0,,0,0,0,1
1744615446,299500,3,1,4,4,2.207,0,0,0.01 | 0.01 | 0.01,0,1.66 | 1.78 | 1.89,0,1.06 | 1.13 | 1.21,699.798,0.000,0,1,0,0,0,0,0,0,0,0,,0,,0,,0,0,0,1
1744615446,299500,3,1,4,4,2.207,0,0,0.01 | 0.01 | 0.01,0,1.66 | 1.78 | 1.89,0,1.06 | 1.13 | 1.21,699.798,0.000,0,1,0,0,0,0,0,0,0,0,,0,,0,,0,0,0,1
1744615446,299500,3,1,4,4,2.207,0,0,0.01 | 0.01 | 0.01,0,1.66 | 1.78 | 1.89,0,1.06 | 1.13 | 1.21,699.798,0.000,0,1,0,0,0,0,0,0,0,0,,0,,0,,0,0,0,1
1744615446,299500,3,1,4,4,2.207,0,0,0.01 | 0.01 | 0.01,0,1.66 | 1.78 | 1.89,0,1.06 | 1.13 | 1.21,699.798,0.000,0,1,0,0,0,0,0,0,0,0,,0,,0,,0,0,0,1
1744615446,299500,3,1,4,4,2.207,0,0,0.01 | 0.01 | 0.01,0,1.66 | 1.78 | 1.89,0,1.06 | 1.13 | 1.21,699.798,0.000,0,1,0,0,0,0,0,0,0,0,,0,,0,,0,0,0,1
1744615446,299500,3,1,4,4,2.207,0,0,0.01 | 0.01 | 0.01,0,1.66 | 1.78 | 1.89,0,1.06 | 1.13 | 1.21,699.798,0.000,0,1,0,0,0,0,0,0,0,0,,0,,0,,0,0,0,1
1744615446,299500,3,1,4,4,1.293,1,0,0.01 | 0.01 | 0.01,0,1.66 | 1.78 | 1.89,0,1.06 | 1.13 | 1.21,699.798,0.000,0,1,0,0,0,0,0,0,1,0,,0,,0,,0,0,0,1
1744615446,299500,3,1,4,4,1.293,1,0,0.01 | 0.01 | 0.01,0,1.66 | 1.78 | 1.89,0,1.06 | 1.13 | 1.21,699.798,0.000,0,1,0,0,0,0,0,0,1,0,,0,,0,,0,0,0,1
1744615446,299500,3,1,4,4,1.293,1,0,0.01 | 0.01 | 0.01,0,1.66 | 1.78 | 1.89,0,1.06 | 1.13 | 1.21,699.798,0.000,0,1,0,0,0,0,0,0,1,0,,0,,0,,0,0,0,1
1744615447,299500,3,1,4,4,1.293,1,0,0.01 | 0.01 | 0.01,0,1.66 | 1.78 | 1.89,0,1.06 | 1.13 | 1.21,699.798,0.000,0,1,0,0,0,0,0,0,1,0,,0,,0,,0,0,0,1
1744615447,299500,3,1,4,4,1.293,1,0,0.01 | 0.01 | 0.01,0,1.66 | 1.78 | 1.89,0,1.06 | 1.13 | 1.21,699.798,0.000,0,1,0,0,0,0,0,0,1,0,,0,,0,,0,0,0,1
1744615447,499167,3,2,4,4,1.293,1,0,0.01 | 0.01 | 0.01,0,1.66 | 1.78 | 1.89,0,1.06 | 1.13 | 1.21,699.798,0.000,0,1,0,0,0,0,0,0,1,0,,0,,0,,0,0,0,1
1744615447,499167,3,2,4,4,1.293,1,0,0.01 | 0.01 | 0.01,0,1.66 | 1.78 | 1.89,0,1.06 | 1.13 | 1.21,699.798,0.000,0,1,0,0,0,0,0,0,1,0,,0,,0,,0,0,0,1
1744615447,499167,3,2,4,4,1.293,1,0,0.01 | 0.01 | 0.01,0,1.66 | 1.78 | 1.89,0,1.06 | 1.13 | 1.21,699.798,0.000,0,1,0,0,0,0,0,0,1,0,,0,,0,,0,0,0,1
1744615447,499167,3,2,4,4,1.293,1,0,0.01 | 0.01 | 0.01,0,1.66 | 1.78 | 1.89,0,1.06 | 1.13 | 1.21,699.798,0.000,0,1,0,0,0,0,0,0,1,0,,0,,0,,0,0,0,1
1744615447,499167,3,2,4,4,1.293,1,0,0.01 | 0.01 | 0.01,0,1.66 | 1.78 | 1.89,0,1.06 | 1.13 | 1.21,699.798,0.000,0,1,0,0,0,0,0,0,1,0,,0,,0,,0,0,0,1
1744615447,499167,3,2,4,4,2.243,1,0,0.01 | 0.01 | 0.01,0,1.31 | 1.62 | 1.89,0,1.06 | 1.23 | 1.53,604.443,0.000,0,1,0,0,0,0,0,0,1,0,,0,,0,,0,0,0,1
1744615447,499167,3,2,4,4,2.243,1,0,0.01 | 0.01 | 0.01,0,1.31 | 1.62 | 1.89,0,1.06 | 1.23 | 1.53,604.443,0.000,0,1,0,0,0,0,0,0,1,0,,0,,0,,0,0,0,1
1744615447,499167,1,2,4,4,2.243,1,0,0.01 | 0.01 | 0.01,0,1.31 | 1.62 | 1.89,0,1.06 | 1.23 | 1.53,604.443,0.000,0,1,0,0,0,0,0,0,1,0,,0,,0,,0,0,0,1
1744615447,499167,1,2,4,4,2.243,1,0,0.01 | 0.01 | 0.01,0,1.31 | 1.62 | 1.89,0,1.06 | 1.23 | 1.53,604.443,0.000,0,1,0,0,0,0,0,0,1,0,,0,,0,,0,0,0,1
1744615448,499167,1,2,4,4,2.243,1,0,0.01 | 0.01 | 0.01,0,1.31 | 1.62 | 1.89,0,1.06 | 1.23 | 1.53,604.443,0.000,0,1,0,0,0,0,0,0,1,0,,0,,0,,0,0,0,1
1744615448,499167,1,2,4,4,2.243,1,0,0.01 | 0.01 | 0.01,0,1.31 | 1.62 | 1.89,0,1.06 | 1.23 | 1.53,604.443,0.000,0,1,0,0,0,0,0,0,1,0,,0,,0,,0,0,0,1
1744615448,499167,1,2,4,4,2.243,1,0,0.01 | 0.01 | 0.01,0,1.31 | 1.62 | 1.89,0,1.06 | 1.23 | 1.53,604.443,0.000,0,1,0,0,0,0,0,0,1,0,,0,,0,,0,0,0,1
1744615448,499167,1,2,4,4,2.243,1,0,0.01 | 0.01 | 0.01,0,1.31 | 1.62 | 1.89,0,1.06 | 1.23 | 1.53,604.443,0.000,0,1,0,0,0,0,0,0,1,0,,0,,0,,0,0,0,1
1744615448,499167,1,2,4,4,2.243,1,0,0.01 | 0.01 | 0.01,0,1.31 | 1.62 | 1.89,0,1.06 | 1.23 | 1.53,604.443,0.000,0,1,0,0,0,0,0,0,1,0,,0,,0,,0,0,0,1
1744615448,499167,1,2,4,4,1.446,1,0,0.01 | 0.01 | 0.01,0,1.31 | 1.56 | 1.89,0,1.06 | 1.28 | 1.53,675.478,0.000,0,1,0,0,0,0,0,0,1,0,,0,,0,,0,0,0,1
1744615448,499167,1,2,4,4,1.446,1,0,0.01 | 0.01 | 0.01,0,1.31 | 1.56 | 1.89,0,1.06 | 1.28 | 1.53,675.478,0.000,0,1,0,0,0,0,0,0,1,0,,0,,0,,0,0,0,1
1744615448,499167,1,2,4,4,1.446,1,0,0.01 | 0.01 | 0.01,0,1.31 | 1.56 | 1.89,0,1.06 | 1.28 | 1.53,675.478,0.000,0,1,0,0,0,0,0,0,1,0,,0,,0,,0,0,0,1
1744615448,499167,1,2,4,4,1.446,1,0,0.01 | 0.01 | 0.01,0,1.31 | 1.56 | 1.89,0,1.06 | 1.28 | 1.53,675.478,0.000,0,1,0,0,0,0,0,0,1,0,,0,,0,,0,0,0,1
1744615449,499167,1,2,4,4,1.446,1,0,0.01 | 0.01 | 0.01,0,1.31 | 1.56 | 1.89,0,1.06 | 1.28 | 1.53,675.478,0.000,0,1,0,0,0,0,0,0,1,0,,0,,0,,0,0,0,1
1744615449,499167,1,2,4,4,1.446,1,0,0.01 | 0.01 | 0.01,0,1.31 | 1.56 | 1.89,0,1.06 | 1.28 | 1.53,675.478,0.000,0,1,0,0,0,0,0,0,1,0,,0,,0,,0,0,0,1
1744615449,499167,1,2,4,4,1.446,1,0,0.01 | 0.01 | 0.01,0,1.31 | 1.56 | 1.89,0,1.06 | 1.28 | 1.53,675.478,0.000,0,1,0,0,0,0,0,0,1,0,,0,,0,,0,0,0,1
1744615449,499167,1,2,4,4,1.446,1,0,0.01 | 0.01 | 0.01,0,1.31 | 1.56 | 1.89,0,1.06 | 1.28 | 1.53,675.478,0.000,0,1,0,0,0,0,0,0,1,0,,0,,0,,0,0,0,1
1744615449,499167,1,2,4,4,1.446,1,0,0.01 | 0.01 | 0.01,0,1.31 | 1.56 | 1.89,0,1.06 | 1.28 | 1.53,675.478,0.000,0,1,0,0,0,0,0,0,1,0,,0,,0,,0,0,0,1
1744615449,499167,1,2,4,4,1.446,1,0,0.01 | 0.01 | 0.01,0,1.31 | 1.56 | 1.89,0,1.06 | 1.28 | 1.53,675.478,0.000,0,1,0,0,0,0,0,0,1,0,,0,,0,,0,0,0,1
1744615449,499167,1,2,4,4,2.382,1,0,0.01 | 0.01 | 0.01,0,1.31 | 1.56 | 1.89,0,1.06 | 1.28 | 1.53,675.478,0.000,0,1,0,0,0,0,0,0,1,0,,0,,0,,0,0,0,1
1744615449,499167,1,2,4,4,2.382,1,0,0.01 | 0.01 | 0.01,0,1.31 | 1.56 | 1.89,0,1.06 | 1.28 | 1.53,675.478,0.000,0,1,0,0,0,0,0,0,1,0,,0,,0,,0,0,0,1
1744615449,499167,1,2,4,4,2.382,1,0,0.01 | 0.01 | 0.01,0,1.31 | 1.56 | 1.89,0,1.06 | 1.28 | 1.53,675.478,0.000,0,1,0,0,0,0,0,0,1,0,,0,,0,,0,0,0,1
1744615449,499167,2,2,4,4,2.382,1,0,0.01 | 0.01 | 0.01,0,1.31 | 1.56 | 1.89,0,1.06 | 1.28 | 1.53,675.478,0.000,0,1,0,0,0,0,0,0,1,0,,0,,0,,0,0,0,1
1744615450,499167,2,2,4,4,2.382,1,0,0.01 | 0.01 | 0.01,0,1.31 | 1.56 | 1.89,0,1.06 | 1.28 | 1.53,675.478,0.000,0,1,0,0,0,0,0,0,1,0,,0,,0,,0,0,0,1
1744615450,499167,2,2,4,4,2.382,1,0,0.01 | 0.01 | 0.01,0,1.31 | 1.56 | 1.89,0,1.06 | 1.28 | 1.53,675.478,0.000,0,1,0,0,0,0,0,0,1,0,,0,,0,,0,0,0,1
1744615450,499167,2,2,4,4,2.382,1,0,0.01 | 0.01 | 0.01,0,1.31 | 1.56 | 1.89,0,1.06 | 1.28 | 1.53,675.478,0.000,0,1,0,0,0,0,0,0,1,0,,0,,0,,0,0,0,1
1744615450,499167,2,2,4,4,2.382,1,0,0.01 | 0.01 | 0.01,0,1.31 | 1.56 | 1.89,0,1.06 | 1.28 | 1.53,675.478,0.000,0,1,0,0,0,0,0,0,1,0,,0,,0,,0,0,0,1
1744615450,499167,2,2,4,4,2.382,1,0,0.01 | 0.01 | 0.01,0,1.31 | 1.56 | 1.89,0,1.06 | 1.28 | 1.53,675.478,0.000,0,1,0,0,0,0,0,0,1,0,,0,,0,,0,0,0,1
1744615450,499167,2,2,4,4,2.382,1,0,0.01 | 0.01 | 0.01,0,1.31 | 1.56 | 1.89,0,1.06 | 1.28 | 1.53,675.478,0.000,0,1,0,0,0,0,0,0,1,0,,0,,0,,0,0,0,1
1744615450,499167,2,2,4,4,3.306,1,0,0.01 | 0.01 | 0.01,0,1.31 | 1.52 | 1.89,0,1.06 | 1.32 | 1.53,690.989,0.000,0,1,0,0,0,0,0,0,1,0,,0,,0,,0,0,0,1
1744615450,499167,2,2,4,4,3.306,1,0,0.01 | 0.01 | 0.01,0,1.31 | 1.52 | 1.89,0,1.06 | 1.32 | 1.53,690.989,0.000,0,1,0,0,0,0,0,0,1,0,,0,,0,,0,0,0,1
1744615450,499167,2,2,4,4,3.306,1,0,0.01 | 0.01 | 0.01,0,1.31 | 1.52 | 1.89,0,1.06 | 1.32 | 1.53,690.989,0.000,0,1,0,0,0,0,0,0,1,0,,0,,0,,0,0,0,1
1744615450,499167,2,2,4,4,3.306,1,0,0.01 | 0.01 | 0.01,0,1.31 | 1.52 | 1.89,0,1.06 | 1.32 | 1.53,690.989,0.000,0,1,0,0,0,0,0,0,1,0,,0,,0,,0,0,0,1
1744615451,499167,2,2,4,4,3.306,1,0,0.01 | 0.01 | 0.01,0,1.31 | 1.52 | 1.89,0,1.06 | 1.32 | 1.53,690.989,0.000,0,1,0,0,0,0,0,0,1,0,,0,,0,,0,0,0,1
1744615451,499167,2,2,4,4,3.306,1,0,0.01 | 0.01 | 0.01,0,1.31 | 1.52 | 1.89,0,1.06 | 1.32 | 1.53,690.989,0.000,0,1,0,0,0,0,0,0,1,0,,0,,0,,0,0,0,1
1744615451,499167,2,2,4,4,3.306,1,0,0.01 | 0.01 | 0.01,0,1.31 | 1.52 | 1.89,0,1.06 | 1.32 | 1.53,690.989,0.000,0,1,0,0,0,0,0,0,1,0,,0,,0,,0,0,0,1
1744615451,499167,2,2,4,4,3.306,1,0,0.01 | 0.01 | 0.01,0,1.31 | 1.52 | 1.89,0,1.06 | 1.32 | 1.53,690.989,0.000,0,1,0,0,0,0,0,0,1,0,,0,,0,,0,0,0,1
1744615451,499167,2,2,4,4,3.306,1,0,0.01 | 0.01 | 0.01,0,1.31 | 1.52 | 1.89,0,1.06 | 1.32 | 1.53,690.989,0.000,0,1,0,0,0,0,0,0,1,0,,0,,0,,0,0,0,1
1744615451,499167,2,2,4,4,3.306,1,0,0.01 | 0.01 | 0.01,0,1.31 | 1.52 | 1.89,0,1.06 | 1.32 | 1.53,690.989,0.000,0,1,0,0,0,0,0,0,1,0,,0,,0,,0,0,0,1
1744615451,499167,2,2,4,4,2.243,1,0,0.01 | 0.01 | 0.01,0,1.31 | 1.52 | 1.89,0,1.06 | 1.32 | 1.53,690.989,0.000,0,1,0,0,0,0,0,0,1,0,,0,,0,,0,0,0,1
1744615451,499167,2,2,4,4,2.243,1,0,0.01 | 0.01 | 0.01,0,1.31 | 1.52 | 1.89,0,1.06 | 1.32 | 1.53,690.989,0.000,0,1,0,0,0,0,0,0,1,0,,0,,0,,0,0,0,1
1744615451,499167,2,2,4,4,2.243,1,0,0.01 | 0.01 | 0.01,0,1.31 | 1.52 | 1.89,0,1.06 | 1.32 | 1.53,690.989,0.000,0,1,0,0,0,0,0,0,1,0,,0,,0,,0,0,0,1
1744615451,499167,2,2,4,4,2.243,1,0,0.01 | 0.01 | 0.01,0,1.31 | 1.52 | 1.89,0,1.06 | 1.32 | 1.53,690.989,0.000,0,1,0,0,0,0,0,0,1,0,,0,,0,,0,0,0,1
1744615452,499167,2,2,4,4,2.243,1,0,0.01 | 0.01 | 0.01,0,1.31 | 1.52 | 1.89,0,1.06 | 1.32 | 1.53,690.989,0.000,0,1,0,0,0,0,0,0,1,0,,0,,0,,0,0,0,1
1744615452,499167,2,2,4,4,2.243,1,0,0.01 | 0.01 | 0.01,0,1.31 | 1.52 | 1.89,0,1.06 | 1.32 | 1.53,690.989,0.000,0,1,0,0,0,0,0,0,1,0,,0,,0,,0,0,0,1
1744615452,499167,2,2,4,4,2.243,1,0,0.01 | 0.01 | 0.01,0,1.31 | 1.52 | 1.89,0,1.06 | 1.32 | 1.53,690.989,0.000,0,1,0,0,0,0,0,0,1,0,,0,,0,,0,0,0,1
1744615452,499167,2,2,4,4,2.243,1,0,0.01 | 0.01 | 0.01,0,1.31 | 1.52 | 1.89,0,1.06 | 1.32 | 1.53,690.989,0.000,0,1,0,0,0,0,0,0,1,0,,0,,0,,0,0,0,1
1744615452,499167,2,2,4,4,2.243,1,0,0.01 | 0.01 | 0.01,0,1.31 | 1.52 | 1.89,0,1.06 | 1.32 | 1.53,690.989,0.000,0,1,0,0,0,0,0,0,1,0,,0,,0,,0,0,0,1
1744615452,499167,2,2,4,4,2.243,1,0,0.01 | 0.01 | 0.01,0,1.31 | 1.52 | 1.89,0,1.06 | 1.32 | 1.53,690.989,0.000,0,1,0,0,0,0,0,0,1,0,,0,,0,,0,0,0,1
1744615452,499167,2,2,4,4,3.415,1,0,0.01 | 0.01 | 0.01,0,1.31 | 1.42 | 1.49,0,1.34 | 1.41 | 1.53,701.979,0.000,0,1,0,0,0,0,0,0,1,0,,0,,0,,0,0,0,1
1744615452,499167,2,2,4,4,3.415,1,0,0.01 | 0.01 | 0.01,0,1.31 | 1.42 | 1.49,0,1.34 | 1.41 | 1.53,701.979,0.000,0,1,0,0,0,0,0,0,1,0,,0,,0,,0,0,0,1
1744615452,499167,2,2,4,4,3.415,1,0,0.01 | 0.01 | 0.01,0,1.31 | 1.42 | 1.49,0,1.34 | 1.41 | 1.53,701.979,0.000,0,1,0,0,0,0,0,0,1,0,,0,,0,,0,0,0,1
1744615452,499167,2,2,4,4,3.415,1,0,0.01 | 0.01 | 0.01,0,1.31 | 1.42 | 1.49,0,1.34 | 1.41 | 1.53,701.979,0.000,0,1,0,0,0,0,0,0,1,0,,0,,0,,0,0,0,1
1744615453,499167,2,2,4,4,3.415,1,0,0.01 | 0.01 | 0.01,0,1.31 | 1.42 | 1.49,0,1.34 | 1.41 | 1.53,701.979,0.000,0,1,0,0,0,0,0,0,1,0,,0,,0,,0,0,0,1
1744615453,499167,2,2,4,4,3.415,1,0,0.01 | 0.01 | 0.01,0,1.31 | 1.42 | 1.49,0,1.34 | 1.41 | 1.53,701.979,0.000,0,1,0,0,0,0,0,0,1,0,,0,,0,,0,0,0,1
1744615453,499167,2,2,4,4,3.415,1,0,0.01 | 0.01 | 0.01,0,1.31 | 1.42 | 1.49,0,1.34 | 1.41 | 1.53,701.979,0.000,0,1,0,0,0,0,0,0,1,0,,0,,0,,0,0,0,1
1744615453,499167,2,2,4,4,3.415,1,0,0.01 | 0.01 | 0.01,0,1.31 | 1.42 | 1.49,0,1.34 | 1.41 | 1.53,701.979,0.000,0,1,0,0,0,0,0,0,1,0,,0,,0,,0,0,0,1
1744615453,499167,2,2,4,4,3.415,1,0,0.01 | 0.01 | 0.01,0,1.31 | 1.42 | 1.49,0,1.34 | 1.41 | 1.53,701.979,0.000,0,1,0,0,0,0,0,0,1,0,,0,,0,,0,0,0,1
1744615453,499167,2,2,4,4,3.415,1,0,0.01 | 0.01 | 0.01,0,1.31 | 1.42 | 1.49,0,1.34 | 1.41 | 1.53,701.979,0.000,0,1,0,0,0,0,0,0,1,0,,0,,0,,0,0,0,1
1744615453,499167,2,2,4,4,4.227,1,0,0.01 | 0.01 | 0.01,0,1.39 | 1.46 | 1.49,0,1.34 | 1.37 | 1.44,709.121,0.000,0,1,0,0,0,0,0,0,1,0,,0,,0,,0,0,0,1
1744615453,499167,2,2,4,4,4.227,1,0,0.01 | 0.01 | 0.01,0,1.39 | 1.46 | 1.49,0,1.34 | 1.37 | 1.44,709.121,0.000,0,1,0,0,0,0,0,0,1,0,,0,,0,,0,0,0,1
1744615453,499167,2,2,4,4,4.227,1,0,0.01 | 0.01 | 0.01,0,1.39 | 1.46 | 1.49,0,1.34 | 1.37 | 1.44,709.121,0.000,0,1,0,0,0,0,0,0,1,0,,0,,0,,0,0,0,1
1744615453,499167,2,2,4,4,4.227,1,0,0.01 | 0.01 | 0.01,0,1.39 | 1.46 | 1.49,0,1.34 | 1.37 | 1.44,709.121,0.000,0,1,0,0,0,0,0,0,1,0,,0,,0,,0,0,0,1
1744615454,499167,2,2,4,4,4.227,1,0,0.01 | 0.01 | 0.01,0,1.39 | 1.46 | 1.49,0,1.34 | 1.37 | 1.44,709.121,0.000,0,1,0,0,0,0,0,0,1,0,,0,,0,,0,0,0,1
1744615454,499167,2,2,4,4,4.227,1,0,0.01 | 0.01 | 0.01,0,1.39 | 1.46 | 1.49,0,1.34 | 1.37 | 1.44,709.121,0.000,0,1,0,0,0,0,0,0,1,0,,0,,0,,0,0,0,1
1744615454,499167,2,2,4,4,4.227,1,0,0.01 | 0.01 | 0.01,0,1.39 | 1.46 | 1.49,0,1.34 | 1.37 | 1.44,709.121,0.000,0,1,0,0,0,0,0,0,1,0,,0,,0,,0,0,0,1
1744615454,499167,2,2,4,4,4.227,1,0,0.01 | 0.01 | 0.01,0,1.39 | 1.46 | 1.49,0,1.34 | 1.37 | 1.44,709.121,0.000,0,1,0,0,0,0,0,0,1,0,,0,,0,,0,0,0,1
1744615454,499167,2,2,4,4,4.227,1,0,0.01 | 0.01 | 0.01,0,1.39 | 1.46 | 1.49,0,1.34 | 1.37 | 1.44,709.121,0.000,0,1,0,0,0,0,0,0,1,0,,0,,0,,0,0,0,1
1744615454,499167,2,2,4,4,4.227,1,0,0.01 | 0.01 | 0.01,0,1.39 | 1.46 | 1.49,0,1.34 | 1.37 | 1.44,709.121,0.000,0,1,0,0,0,0,0,0,1,0,,0,,0,,0,0,0,1
1744615454,499167,2,2,4,4,3.274,1,0,0.01 | 0.01 | 0.01,0,1.39 | 1.46 | 1.49,0,1.34 | 1.37 | 1.44,709.121,0.000,0,1,0,0,0,0,0,0,1,0,,0,,0,,0,0,0,1
1744615454,499167,2,2,4,4,3.274,1,0,0.01 | 0.01 | 0.01,0,1.39 | 1.46 | 1.49,0,1.34 | 1.37 | 1.44,709.121,0.000,0,1,0,0,0,0,0,0,1,0,,0,,0,,0,0,0,1
1744615454,499167,2,2,4,4,3.274,1,0,0.01 | 0.01 | 0.01,0,1.39 | 1.46 | 1.49,0,1.34 | 1.37 | 1.44,709.121,0.000,0,1,0,0,0,0,0,0,1,0,,0,,0,,0,0,0,1
1744615455,499167,2,2,4,4,3.274,1,0,0.01 | 0.01 | 0.01,0,1.39 | 1.46 | 1.49,0,1.34 | 1.37 | 1.44,709.121,0.000,0,1,0,0,0,0,0,0,1,0,,0,,0,,0,0,0,1
1744615455,499167,2,2,4,4,3.274,1,0,0.01 | 0.01 | 0.01,0,1.39 | 1.46 | 1.49,0,1.34 | 1.37 | 1.44,709.121,0.000,0,1,0,0,0,0,0,0,1,0,,0,,0,,0,0,0,1
1744615455,499167,2,2,4,4,3.274,1,0,0.01 | 0.01 | 0.01,0,1.39 | 1.46 | 1.49,0,1.34 | 1.37 | 1.44,709.121,0.000,0,1,0,0,0,0,0,0,1,0,,0,,0,,0,0,0,1
1744615455,499167,2,2,4,4,3.274,1,0,0.01 | 0.01 | 0.01,0,1.39 | 1.46 | 1.49,0,1.34 | 1.37 | 1.44,709.121,0.000,0,1,0,0,0,0,0,0,1,0,,0,,0,,0,0,0,1
1744615455,499167,2,2,4,4,3.274,1,0,0.01 | 0.01 | 0.01,0,1.39 | 1.46 | 1.49,0,1.34 | 1.37 | 1.44,709.121,0.000,0,1,0,0,0,0,0,0,1,0,,0,,0,,0,0,0,1
1744615455,499167,2,2,4,4,3.274,1,0,0.01 | 0.01 | 0.01,0,1.39 | 1.46 | 1.49,0,1.34 | 1.37 | 1.44,709.121,0.000,0,1,0,0,0,0,0,0,1,0,,0,,0,,0,0,0,1
1744615455,499167,2,2,4,4,4.321,1,0,0.00 | 0.01 | 0.01,0,1.47 | 1.49 | 1.52,0,1.32 | 1.34 | 1.36,709.719,0.000,0,1,0,0,0,0,0,0,1,0,,0,,0,,0,0,0,1
1744615455,499167,2,2,4,4,4.321,1,0,0.00 | 0.01 | 0.01,0,1.47 | 1.49 | 1.52,0,1.32 | 1.34 | 1.36,709.719,0.000,0,1,0,0,0,0,0,0,1,0,,0,,0,,0,0,0,1
1744615455,499167,2,2,4,4,4.321,1,0,0.00 | 0.01 | 0.01,0,1.47 | 1.49 | 1.52,0,1.32 | 1.34 | 1.36,709.719,0.000,0,1,0,0,0,0,0,0,1,0,,0,,0,,0,0,0,1
1744615455,499167,2,2,4,4,4.321,1,0,0.00 | 0.01 | 0.01,0,1.47 | 1.49 | 1.52,0,1.32 | 1.34 | 1.36,709.719,0.000,0,1,0,0,0,0,0,0,1,0,,0,,0,,0,0,0,1
1744615456,499167,2,2,4,4,4.321,1,0,0.00 | 0.01 | 0.01,0,1.47 | 1.49 | 1.52,0,1.32 | 1.34 | 1.36,709.719,0.000,0,1,0,0,0,0,0,0,1,0,,0,,0,,0,0,0,1
1744615456,499167,2,2,4,4,4.321,1,0,0.00 | 0.01 | 0.01,0,1.47 | 1.49 | 1.52,0,1.32 | 1.34 | 1.36,709.719,0.000,0,1,0,0,0,0,0,0,1,0,,0,,0,,0,0,0,1
1744615456,499167,2,2,4,4,4.321,1,0,0.00 | 0.01 | 0.01,0,1.47 | 1.49 | 1.52,0,1.32 | 1.34 | 1.36,709.719,0.000,0,1,0,0,0,0,0,0,1,0,,0,,0,,0,0,0,1
1744615456,499167,2,2,4,4,4.321,1,0,0.00 | 0.01 | 0.01,0,1.47 | 1.49 | 1.52,0,1.32 | 1.34 | 1.36,709.719,0.000,0,1,0,0,0,0,0,0,1,0,,0,,0,,0,0,0,1
1744615456,499167,2,2,4,4,4.321,1,0,0.00 | 0.01 | 0.01,0,1.47 | 1.49 | 1.52,0,1.32 | 1.34 | 1.36,709.719,0.000,0,1,0,0,0,0,0,0,1,0,,0,,0,,0,0,0,1
1744615456,499167,2,2,4,4,4.321,1,0,0.00 | 0.01 | 0.01,0,1.47 | 1.49 | 1.52,0,1.32 | 1.34 | 1.36,709.719,0.000,0,1,0,0,0,0,0,0,1,0,,0,,0,,0,0,0,1
1744615456,499167,2,2,4,4,3.352,1,0,0.00 | 0.01 | 0.01,0,1.47 | 1.49 | 1.52,0,1.32 | 1.34 | 1.36,709.719,0.000,0,1,0,0,0,0,0,0,1,0,,0,,0,,0,0,0,1
1744615456,499167,2,2,4,4,3.352,1,0,0.00 | 0.01 | 0.01,0,1.47 | 1.49 | 1.52,0,1.32 | 1.34 | 1.36,709.719,0.000,0,1,0,0,0,0,0,0,1,0,,0,,0,,0,0,0,1
1744615456,499167,2,2,4,4,3.352,1,0,0.00 | 0.01 | 0.01,0,1.47 | 1.49 | 1.52,0,1.32 | 1.34 | 1.36,709.719,0.000,0,1,0,0,0,0,0,0,1,0,,0,,0,,0,0,0,1
1744615457,499167,2,2,4,4,3.352,1,0,0.00 | 0.01 | 0.01,0,1.47 | 1.49 | 1.52,0,1.32 | 1.34 | 1.36,709.719,0.000,0,1,0,0,0,0,0,0,1,0,,0,,0,,0,0,0,1
1744615457,499167,2,2,4,4,3.352,1,0,0.00 | 0.01 | 0.01,0,1.47 | 1.49 | 1.52,0,1.32 | 1.34 | 1.36,709.719,0.000,0,1,0,0,0,0,0,0,1,0,,0,,0,,0,0,0,1
1744615457,499167,2,2,4,4,3.352,1,0,0.00 | 0.01 | 0.01,0,1.47 | 1.49 | 1.52,0,1.32 | 1.34 | 1.36,709.719,0.000,0,1,0,0,0,0,0,0,1,0,,0,,0,,0,0,0,1
1744615457,499167,2,2,4,4,3.352,1,0,0.00 | 0.01 | 0.01,0,1.47 | 1.49 | 1.52,0,1.32 | 1.34 | 1.36,709.719,0.000,0,1,0,0,0,0,0,0,1,0,,0,,0,,0,0,0,1
1744615457,499167,2,2,4,4,3.352,1,0,0.00 | 0.01 | 0.01,0,1.47 | 1.49 | 1.52,0,1.32 | 1.34 | 1.36,709.719,0.000,0,1,0,0,0,0,0,0,1,0,,0,,0,,0,0,0,1
1744615457,499167,2,2,4,4,3.352,1,0,0.00 | 0.01 | 0.01,0,1.47 | 1.49 | 1.52,0,1.32 | 1.34 | 1.36,709.719,0.000,0,1,0,0,0,0,0,0,1,0,,0,,0,,0,0,0,1
1744615457,499167,2,2,4,4,4.194,1,0,0.00 | 0.01 | 0.01,0,1.47 | 1.50 | 1.54,0,1.30 | 1.33 | 1.36,710.478,0.000,0,1,0,0,0,0,0,0,1,0,,0,,0,,0,0,0,1
1744615457,499167,2,2,4,4,4.194,1,0,0.00 | 0.01 | 0.01,0,1.47 | 1.50 | 1.54,0,1.30 | 1.33 | 1.36,710.478,0.000,0,1,0,0,0,0,0,0,1,0,,0,,0,,0,0,0,1
1744615457,499167,2,2,4,4,4.194,1,0,0.00 | 0.01 | 0.01,0,1.47 | 1.50 | 1.54,0,1.30 | 1.33 | 1.36,710.478,0.000,0,1,0,0,0,0,0,0,1,0,,0,,0,,0,0,0,1
1744615457,499167,2,2,4,4,4.194,1,0,0.00 | 0.01 | 0.01,0,1.47 | 1.50 | 1.54,0,1.30 | 1.33 | 1.36,710.478,0.000,0,1,0,0,0,0,0,0,1,0,,0,,0,,0,0,0,1
1744615458,499167,2,2,4,4,4.194,1,0,0.00 | 0.01 | 0.01,0,1.47 | 1.50 | 1.54,0,1.30 | 1.33 | 1.36,710.478,0.000,0,1,0,0,0,0,0,0,1,0,,0,,0,,0,0,0,1
1744615458,499167,2,2,4,4,4.194,1,0,0.00 | 0.01 | 0.01,0,1.47 | 1.50 | 1.54,0,1.30 | 1.33 | 1.36,710.478,0.000,0,1,0,0,0,0,0,0,1,0,,0,,0,,0,0,0,1
1744615458,499167,2,2,4,4,4.194,1,0,0.00 | 0.01 | 0.01,0,1.47 | 1.50 | 1.54,0,1.30 | 1.33 | 1.36,710.478,0.000,0,1,0,0,0,0,0,0,1,0,,0,,0,,0,0,0,1
1744615458,499167,2,2,4,4,4.194,1,0,0.00 | 0.01 | 0.01,0,1.47 | 1.50 | 1.54,0,1.30 | 1.33 | 1.36,710.478,0.000,0,1,0,0,0,0,0,0,1,0,,0,,0,,0,0,0,1
1744615458,599000,2,3,4,4,4.194,1,0,0.00 | 0.01 | 0.01,0,1.47 | 1.50 | 1.54,0,1.30 | 1.33 | 1.36,710.478,0.000,0,1,0,0,0,0,0,0,1,0,,0,,0,,0,0,0,1
1744615458,599000,2,3,4,4,5.258,1,0,0.00 | 0.01 | 0.01,0,1.47 | 1.50 | 1.54,0,1.30 | 1.33 | 1.36,716.108,0.000,0,1,0,0,0,0,0,0,1,0,,0,,0,,0,0,0,1
1744615458,599000,2,3,4,4,5.258,1,0,0.00 | 0.01 | 0.01,0,1.47 | 1.50 | 1.54,0,1.30 | 1.33 | 1.36,716.108,0.000,0,1,0,0,0,0,0,0,1,0,,0,,0,,0,0,0,1
1744615458,599000,2,3,4,4,5.258,1,0,0.00 | 0.01 | 0.01,0,1.47 | 1.50 | 1.54,0,1.30 | 1.33 | 1.36,716.108,0.000,0,1,0,0,0,0,0,0,1,0,,0,,0,,0,0,0,1
1744615458,599000,2,3,4,4,5.258,1,0,0.00 | 0.01 | 0.01,0,1.47 | 1.50 | 1.54,0,1.30 | 1.33 | 1.36,716.108,0.000,0,1,0,0,0,0,0,0,1,0,,0,,0,,0,0,0,1
1744615459,599000,2,3,4,4,5.258,1,0,0.00 | 0.01 | 0.01,0,1.47 | 1.50 | 1.54,0,1.30 | 1.33 | 1.36,716.108,0.000,0,1,0,0,0,0,0,0,1,0,,0,,0,,0,0,0,1
1744615459,599000,2,3,4,4,5.258,1,0,0.00 | 0.01 | 0.01,0,1.47 | 1.50 | 1.54,0,1.30 | 1.33 | 1.36,716.108,0.000,0,1,0,0,0,0,0,0,1,0,,0,,0,,0,0,0,1
1744615459,599000,2,3,4,4,5.258,1,0,0.00 | 0.01 | 0.01,0,1.47 | 1.50 | 1.54,0,1.30 | 1.33 | 1.36,716.108,0.000,0,1,0,0,0,0,0,0,1,0,,0,,0,,0,0,0,1
1744615459,599000,2,3,4,4,5.258,1,0,0.00 | 0.01 | 0.01,0,1.47 | 1.50 | 1.54,0,1.30 | 1.33 | 1.36,716.108,0.000,0,1,0,0,0,0,0,0,1,0,,0,,0,,0,0,0,1
1744615459,599000,2,3,4,4,5.258,1,0,0.00 | 0.01 | 0.01,0,1.47 | 1.50 | 1.54,0,1.30 | 1.33 | 1.36,716.108,0.000,0,1,0,0,0,0,0,0,1,0,,0,,0,,0,0,0,1
1744615459,599000,2,3,4,4,5.258,1,0,0.00 | 0.01 | 0.01,0,1.47 | 1.50 | 1.54,0,1.30 | 1.33 | 1.36,716.108,0.000,0,1,0,0,0,0,0,0,1,0,,0,,0,,0,0,0,1
1744615459,599000,2,3,4,4,4.337,1,0,0.00 | 0.01 | 0.01,0,1.47 | 1.50 | 1.54,0,1.30 | 1.33 | 1.36,716.108,0.000,0,1,0,0,0,0,0,0,1,0,,0,,0,,0,0,0,1
1744615459,599000,2,3,4,4,4.337,1,0,0.00 | 0.01 | 0.01,0,1.47 | 1.50 | 1.54,0,1.30 | 1.33 | 1.36,716.108,0.000,0,1,0,0,0,0,0,0,1,0,,0,,0,,0,0,0,1
1744615459,599000,2,3,4,4,4.337,1,0,0.00 | 0.01 | 0.01,0,1.47 | 1.50 | 1.54,0,1.30 | 1.33 | 1.36,716.108,0.000,0,1,0,0,0,0,0,0,1,0,,0,,0,,0,0,0,1
1744615459,599000,2,3,4,4,4.337,1,0,0.00 | 0.01 | 0.01,0,1.47 | 1.50 | 1.54,0,1.30 | 1.33 | 1.36,716.108,0.000,0,1,0,0,0,0,0,0,1,0,,0,,0,,0,0,0,1
1744615460,599000,2,3,4,4,4.337,1,0,0.00 | 0.01 | 0.01,0,1.47 | 1.50 | 1.54,0,1.30 | 1.33 | 1.36,716.108,0.000,0,1,0,0,0,0,0,0,1,0,,0,,0,,0,0,0,1
1744615460,599000,2,3,4,4,4.337,1,0,0.00 | 0.01 | 0.01,0,1.47 | 1.50 | 1.54,0,1.30 | 1.33 | 1.36,716.108,0.000,0,1,0,0,0,0,0,0,1,0,,0,,0,,0,0,0,1
1744615460,599000,2,3,4,4,4.337,1,0,0.00 | 0.01 | 0.01,0,1.47 | 1.50 | 1.54,0,1.30 | 1.33 | 1.36,716.108,0.000,0,1,0,0,0,0,0,0,1,0,,0,,0,,0,0,0,1
1744615460,599000,2,3,4,4,4.337,1,0,0.00 | 0.01 | 0.01,0,1.47 | 1.50 | 1.54,0,1.30 | 1.33 | 1.36,716.108,0.000,0,1,0,0,0,0,0,0,1,0,,0,,0,,0,0,0,1
1744615460,599000,2,3,4,4,4.337,1,0,0.00 | 0.01 | 0.01,0,1.47 | 1.50 | 1.54,0,1.30 | 1.33 | 1.36,716.108,0.000,0,1,0,0,0,0,0,0,1,0,,0,,0,,0,0,0,1
1744615460,599000,2,3,4,4,4.337,1,0,0.00 | 0.01 | 0.01,0,1.47 | 1.50 | 1.54,0,1.30 | 1.33 | 1.36,716.108,0.000,0,1,0,0,0,0,0,0,1,0,,0,,0,,0,0,0,1
1744615460,599000,2,3,4,4,3.274,1,0,0.00 | 0.01 | 0.01,0,1.47 | 1.50 | 1.54,0,1.30 | 1.33 | 1.36,716.108,0.000,0,1,0,0,0,0,0,0,1,0,,0,,0,,0,0,0,1
1744615460,599000,2,3,4,4,3.274,1,0,0.00 | 0.01 | 0.01,0,1.47 | 1.50 | 1.54,0,1.30 | 1.33 | 1.36,716.108,0.000,0,1,0,0,0,0,0,0,1,0,,0,,0,,0,0,0,1
1744615460,599000,2,3,4,4,3.274,1,0,0.00 | 0.01 | 0.01,0,1.47 | 1.50 | 1.54,0,1.30 | 1.33 | 1.36,716.108,0.000,0,1,0,0,0,0,0,0,1,0,,0,,0,,0,0,0,1
1744615460,599000,2,3,4,4,3.274,1,0,0.00 | 0.01 | 0.01,0,1.47 | 1.50 | 1.54,0,1.30 | 1.33 | 1.36,716.108,0.000,0,1,0,0,0,0,0,0,1,0,,0,,0,,0,0,0,1
1744615461,599000,2,3,4,4,3.274,1,0,0.00 | 0.01 | 0.01,0,1.47 | 1.50 | 1.54,0,1.30 | 1.33 | 1.36,716.108,0.000,0,1,0,0,0,0,0,0,1,0,,0,,0,,0,0,0,1
1744615461,599000,2,3,4,4,3.274,1,0,0.00 | 0.01 | 0.01,0,1.47 | 1.50 | 1.54,0,1.30 | 1.33 | 1.36,716.108,0.000,0,1,0,0,0,0,0,0,1,0,,0,,0,,0,0,0,1
1744615461,599000,2,3,4,4,3.274,1,0,0.00 | 0.01 | 0.01,0,1.47 | 1.50 | 1.54,0,1.30 | 1.33 | 1.36,716.108,0.000,0,1,0,0,0,0,0,0,1,0,,0,,0,,0,0,0,1
1744615461,599000,2,3,4,4,3.274,1,0,0.00 | 0.01 | 0.01,0,1.47 | 1.50 | 1.54,0,1.30 | 1.33 | 1.36,716.108,0.000,0,1,0,0,0,0,0,0,1,0,,0,,0,,0,0,0,1
1744615461,599000,2,3,4,4,3.274,1,0,0.00 | 0.01 | 0.01,0,1.47 | 1.50 | 1.54,0,1.30 | 1.33 | 1.36,716.108,0.000,0,1,0,0,0,0,0,0,1,0,,0,,0,,0,0,0,1
1744615461,599000,2,3,4,4,3.274,1,0,0.00 | 0.01 | 0.01,0,1.47 | 1.50 | 1.54,0,1.30 | 1.33 | 1.36,716.108,0.000,0,1,0,0,0,0,0,0,1,0,,0,,0,,0,0,0,1
1744615461,599000,2,3,4,4,2.477,1,0,0.00 | 0.01 | 0.03,0,1.47 | 1.92 | 3.14,0,0.64 | 1.04 | 1.36,514.389,0.000,0,1,0,0,0,0,0,0,1,0,,0,,0,,0,0,0,1
1744615461,499167,2,2,4,4,2.477,1,0,0.00 | 0.01 | 0.03,0,1.47 | 1.92 | 3.14,0,0.64 | 1.04 | 1.36,514.389,0.000,0,1,0,0,0,0,0,0,1,0,,0,,0,,0,0,0,1
1744615462,499167,2,2,4,4,2.477,1,0,0.00 | 0.01 | 0.03,0,1.47 | 1.92 | 3.14,0,0.64 | 1.04 | 1.36,514.389,0.000,0,1,0,0,0,0,0,0,1,0,,0,,0,,0,0,0,1
1744615462,499167,2,2,4,4,2.477,1,0,0.00 | 0.01 | 0.03,0,1.47 | 1.92 | 3.14,0,0.64 | 1.04 | 1.36,514.389,0.000,0,1,0,0,0,0,0,0,1,0,,0,,0,,0,0,0,1
1744615462,499167,2,2,4,4,2.477,1,0,0.00 | 0.01 | 0.03,0,1.47 | 1.92 | 3.14,0,0.64 | 1.04 | 1.36,514.389,0.000,0,1,0,0,0,0,0,0,1,0,,0,,0,,0,0,0,1
1744615462,499167,2,2,4,4,2.477,1,0,0.00 | 0.01 | 0.03,0,1.47 | 1.92 | 3.14,0,0.64 | 1.04 | 1.36,514.389,0.000,0,1,0,0,0,0,0,0,1,0,,0,,0,,0,0,0,1
1744615462,499167,2,2,4,4,2.477,1,0,0.00 | 0.01 | 0.03,0,1.47 | 1.92 | 3.14,0,0.64 | 1.04 | 1.36,514.389,0.000,0,1,0,0,0,0,0,0,1,0,,0,,0,,0,0,0,1
1744615462,499167,2,2,4,4,2.477,1,0,0.00 | 0.01 | 0.03,0,1.47 | 1.92 | 3.14,0,0.64 | 1.04 | 1.36,514.389,0.000,0,1,0,0,0,0,0,0,1,0,,0,,0,,0,0,0,1
1744615462,499167,2,2,4,4,1.309,1,0,0.00 | 0.01 | 0.03,0,1.47 | 1.92 | 3.14,0,0.64 | 1.04 | 1.36,514.389,0.000,0,1,0,0,0,0,0,0,1,0,,0,,0,,0,0,0,1
1744615462,499167,2,2,4,4,1.309,1,0,0.00 | 0.01 | 0.03,0,1.47 | 1.92 | 3.14,0,0.64 | 1.04 | 1.36,514.389,0.000,0,1,0,0,0,0,0,0,1,0,,0,,0,,0,0,0,1
1744615462,499167,2,2,4,4,1.309,1,0,0.00 | 0.01 | 0.03,0,1.47 | 1.92 | 3.14,0,0.64 | 1.04 | 1.36,514.389,0.000,0,1,0,0,0,0,0,0,1,0,,0,,0,,0,0,0,1
1744615462,499167,2,2,4,4,1.309,1,0,0.00 | 0.01 | 0.03,0,1.47 | 1.92 | 3.14,0,0.64 | 1.04 | 1.36,514.389,0.000,0,1,0,0,0,0,0,0,1,0,,0,,0,,0,0,0,1
1744615463,499167,2,2,4,4,1.309,1,0,0.00 | 0.01 | 0.03,0,1.47 | 1.92 | 3.14,0,0.64 | 1.04 | 1.36,514.389,0.000,0,1,0,0,0,0,0,0,1,0,,0,,0,,0,0,0,1
1744615463,499167,2,2,4,4,1.309,1,0,0.00 | 0.01 | 0.03,0,1.47 | 1.92 | 3.14,0,0.64 | 1.04 | 1.36,514.389,0.000,0,1,0,0,0,0,0,0,1,0,,0,,0,,0,0,0,1
1744615463,499167,2,2,4,4,1.309,1,0,0.00 | 0.01 | 0.03,0,1.47 | 1.92 | 3.14,0,0.64 | 1.04 | 1.36,514.389,0.000,0,1,0,0,0,0,0,0,1,0,,0,,0,,0,0,0,1
1744615463,499167,2,2,4,4,1.309,1,0,0.00 | 0.01 | 0.03,0,1.47 | 1.92 | 3.14,0,0.64 | 1.04 | 1.36,514.389,0.000,0,1,0,0,0,0,0,0,1,0,,0,,0,,0,0,0,1
1744615463,499167,2,2,4,4,1.309,1,0,0.00 | 0.01 | 0.03,0,1.47 | 1.92 | 3.14,0,0.64 | 1.04 | 1.36,514.389,0.000,0,1,0,0,0,0,0,0,1,0,,0,,0,,0,0,0,1
1744615463,299500,2,1,4,4,0.209,1,0,0.01 | 0.02 | 0.03,0,1.45 | 1.90 | 3.14,0,0.64 | 1.05 | 1.38,601.848,0.000,0,1,0,0,0,0,0,0,1,0,,0,,0,,0,0,0,1
1744615463,299500,2,1,4,4,0.209,1,0,0.01 | 0.02 | 0.03,0,1.45 | 1.90 | 3.14,0,0.64 | 1.05 | 1.38,601.848,0.000,0,1,0,0,0,0,0,0,1,0,,0,,0,,0,0,0,1
1744615463,299500,2,1,4,4,0.209,1,0,0.01 | 0.02 | 0.03,0,1.45 | 1.90 | 3.14,0,0.64 | 1.05 | 1.38,601.848,0.000,0,1,0,0,0,0,0,0,1,0,,0,,0,,0,0,0,1
1744615463,299500,2,1,4,4,0.209,1,0,0.01 | 0.02 | 0.03,0,1.45 | 1.90 | 3.14,0,0.64 | 1.05 | 1.38,601.848,0.000,0,1,0,0,0,0,0,0,1,0,,0,,0,,0,0,0,1
1744615464,299500,2,1,4,4,0.209,1,0,0.01 | 0.02 | 0.03,0,1.45 | 1.90 | 3.14,0,0.64 | 1.05 | 1.38,601.848,0.000,0,1,0,0,0,0,0,0,1,0,,0,,0,,0,0,0,1
1744615464,299500,2,1,4,4,0.209,1,0,0.01 | 0.02 | 0.03,0,1.45 | 1.90 | 3.14,0,0.64 | 1.05 | 1.38,601.848,0.000,0,1,0,0,0,0,0,0,1,0,,0,,0,,0,0,0,1
1744615464,299500,2,1,4,4,0.209,1,0,0.01 | 0.02 | 0.03,0,1.45 | 1.90 | 3.14,0,0.64 | 1.05 | 1.38,601.848,0.000,0,1,0,0,0,0,0,0,1,0,,0,,0,,0,0,0,1
1744615464,299500,2,1,4,4,0.209,1,0,0.01 | 0.02 | 0.03,0,1.45 | 1.90 | 3.14,0,0.64 | 1.05 | 1.38,601.848,0.000,0,1,0,0,0,0,0,0,1,0,,0,,0,,0,0,0,1
1744615464,299500,2,1,4,4,0.209,1,0,0.01 | 0.02 | 0.03,0,1.45 | 1.90 | 3.14,0,0.64 | 1.05 | 1.38,601.848,0.000,0,1,0,0,0,0,0,0,1,0,,0,,0,,0,0,0,1
1744615464,299500,2,1,4,4,0.209,1,0,0.01 | 0.02 | 0.03,0,1.45 | 1.90 | 3.14,0,0.64 | 1.05 | 1.38,601.848,0.000,0,1,0,0,0,0,0,0,1,0,,0,,0,,0,0,0,1
1744615464,299500,2,1,4,4,0.209,1,0,0.01 | 0.02 | 0.03,0,0.76 | 1.70 | 3.14,0,0.64 | 1.17 | 2.65,649.946,0.000,0,1,0,0,0,0,0,0,1,0,,0,,0,,0,0,0,1
1744615464,299500,2,1,4,4,0.209,1,0,0.01 | 0.02 | 0.03,0,0.76 | 1.70 | 3.14,0,0.64 | 1.17 | 2.65,649.946,0.000,0,1,0,0,0,0,0,0,1,0,,0,,0,,0,0,0,1
1744615464,299500,2,1,4,4,0.209,1,0,0.01 | 0.02 | 0.03,0,0.76 | 1.70 | 3.14,0,0.64 | 1.17 | 2.65,649.946,0.000,0,1,0,0,0,0,0,0,1,0,,0,,0,,0,0,0,1
1744615464,299500,2,1,4,4,0.209,1,0,0.01 | 0.02 | 0.03,0,0.76 | 1.70 | 3.14,0,0.64 | 1.17 | 2.65,649.946,0.000,0,1,0,0,0,0,0,0,1,0,,0,,0,,0,0,0,1
1744615465,299500,2,1,4,4,0.209,1,0,0.01 | 0.02 | 0.03,0,0.76 | 1.70 | 3.14,0,0.64 | 1.17 | 2.65,649.946,0.000,0,1,0,0,0,0,0,0,1,0,,0,,0,,0,0,0,1
1744615465,299500,2,1,4,4,0.209,1,0,0.01 | 0.02 | 0.03,0,0.76 | 1.70 | 3.14,0,0.64 | 1.17 | 2.65,649.946,0.000,0,1,0,0,0,0,0,0,1,0,,0,,0,,0,0,0,1
1744615465,299500,2,1,4,4,0.209,1,0,0.01 | 0.02 | 0.03,0,0.76 | 1.70 | 3.14,0,0.64 | 1.17 | 2.65,649.946,0.000,0,1,0,0,0,0,0,0,1,0,,0,,0,,0,0,0,1
1744615465,299500,2,1,4,4,0.209,1,0,0.01 | 0.02 | 0.03,0,0.76 | 1.70 | 3.14,0,0.64 | 1.17 | 2.65,649.946,0.000,0,1,0,0,0,0,0,0,1,0,,0,,0,,0,0,0,1
1744615465,499167,2,2,4,4,0.209,1,0,0.01 | 0.02 | 0.03,0,0.76 | 1.70 | 3.14,0,0.64 | 1.17 | 2.65,649.946,0.000,0,1,0,0,0,0,0,0,1,0,,0,,0,,0,0,0,1
1744615465,499167,2,2,4,4,0.209,1,0,0.01 | 0.02 | 0.03,0,0.76 | 1.70 | 3.14,0,0.64 | 1.17 | 2.65,649.946,0.000,0,1,0,0,0,0,0,0,1,0,,0,,0,,0,0,0,1
1744615465,499167,2,2,4,4,0.209,1,0,0.01 | 0.02 | 0.03,0,0.76 | 1.55 | 3.14,0,0.64 | 1.29 | 2.65,661.441,0.000,0,1,0,0,0,0,0,0,1,0,,0,,0,,0,0,0,1
1744615465,499167,2,2,4,4,0.209,1,0,0.01 | 0.02 | 0.03,0,0.76 | 1.55 | 3.14,0,0.64 | 1.29 | 2.65,661.441,0.000,0,1,0,0,0,0,0,0,1,0,,0,,0,,0,0,0,1
1744615465,499167,2,2,4,4,0.209,1,0,0.01 | 0.02 | 0.03,0,0.76 | 1.55 | 3.14,0,0.64 | 1.29 | 2.65,661.441,0.000,0,1,0,0,0,0,0,0,1,0,,0,,0,,0,0,0,1
1744615465,499167,2,2,4,4,0.209,1,0,0.01 | 0.02 | 0.03,0,0.76 | 1.55 | 3.14,0,0.64 | 1.29 | 2.65,661.441,0.000,0,1,0,0,0,0,0,0,1,0,,0,,0,,0,0,0,1
1744615466,499167,2,2,4,4,0.209,1,0,0.01 | 0.02 | 0.03,0,0.76 | 1.55 | 3.14,0,0.64 | 1.29 | 2.65,661.441,0.000,0,1,0,0,0,0,0,0,1,0,,0,,0,,0,0,0,1
1744615466,499167,2,2,4,4,0.209,1,0,0.01 | 0.02 | 0.03,0,0.76 | 1.55 | 3.14,0,0.64 | 1.29 | 2.65,661.441,0.000,0,1,0,0,0,0,0,0,1,0,,0,,0,,0,0,0,1
1744615466,499167,2,2,4,4,0.209,1,0,0.01 | 0.02 | 0.03,0,0.76 | 1.55 | 3.14,0,0.64 | 1.29 | 2.65,661.441,0.000,0,1,0,0,0,0,0,0,1,0,,0,,0,,0,0,0,1
1744615466,499167,2,2,4,4,0.209,1,0,0.01 | 0.02 | 0.03,0,0.76 | 1.55 | 3.14,0,0.64 | 1.29 | 2.65,661.441,0.000,0,1,0,0,0,0,0,0,1,0,,0,,0,,0,0,0,1
1744615466,499167,2,2,4,4,0.209,1,0,0.01 | 0.02 | 0.03,0,0.76 | 1.55 | 3.14,0,0.64 | 1.29 | 2.65,661.441,0.000,0,1,0,0,0,0,0,0,1,0,,0,,0,,0,0,0,1
1744615466,499167,2,2,4,4,0.209,1,0,0.01 | 0.02 | 0.03,0,0.76 | 1.55 | 3.14,0,0.64 | 1.29 | 2.65,661.441,0.000,0,1,0,0,0,0,0,0,1,0,,0,,0,,0,0,0,1
1744615466,499167,2,2,4,4,0.209,1,0,0.01 | 0.02 | 0.03,0,0.76 | 1.55 | 3.14,0,0.64 | 1.29 | 2.65,661.441,0.000,0,1,0,0,0,0,0,0,1,0,,0,,0,,0,0,0,1
1744615466,499167,2,2,4,4,0.209,1,0,0.01 | 0.02 | 0.03,0,0.76 | 1.55 | 3.14,0,0.64 | 1.29 | 2.65,661.441,0.000,0,1,0,0,0,0,0,0,1,0,,0,,0,,0,0,0,1
1744615466,499167,2,2,4,4,0.209,1,0,0.01 | 0.02 | 0.03,0,0.76 | 1.55 | 3.14,0,0.64 | 1.29 | 2.65,661.441,0.000,0,1,0,0,0,0,0,0,1,0,,0,,0,,0,0,0,1
1744615466,599000,2,3,4,4,0.209,1,0,0.01 | 0.02 | 0.03,0,0.76 | 1.55 | 3.14,0,0.64 | 1.29 | 2.65,661.441,0.000,0,1,0,0,0,0,0,0,1,0,,0,,0,,0,0,0,1
1744615467,599000,2,3,4,4,0.209,1,0,0.01 | 0.02 | 0.03,0,0.76 | 1.55 | 3.14,0,0.64 | 1.29 | 2.65,661.441,0.000,0,1,0,0,0,0,0,0,1,0,,0,,0,,0,0,0,1
1744615467,599000,2,3,4,4,0.209,1,0,0.01 | 0.02 | 0.03,0,0.76 | 1.55 | 3.14,0,0.64 | 1.29 | 2.65,661.441,0.000,0,1,0,0,0,0,0,0,1,0,,0,,0,,0,0,0,1
1744615467,599000,2,3,4,4,0.209,1,0,0.01 | 0.02 | 0.03,0,0.76 | 1.55 | 3.14,0,0.64 | 1.29 | 2.65,661.441,0.000,0,1,0,0,0,0,0,0,1,0,,0,,0,,0,0,0,1
1744615467,599000,2,3,4,4,0.209,1,0,0.01 | 0.02 | 0.03,0,0.76 | 1.55 | 3.14,0,0.64 | 1.29 | 2.65,661.441,0.000,0,1,0,0,0,0,0,0,1,0,,0,,0,,0,0,0,1
1744615467,599000,2,3,4,4,0.209,1,0,0.01 | 0.02 | 0.03,0,0.76 | 1.55 | 3.14,0,0.64 | 1.29 | 2.65,661.441,0.000,0,1,0,0,0,0,0,0,1,0,,0,,0,,0,0,0,1
1744615467,599000,2,3,4,4,0.209,1,0,0.01 | 0.02 | 0.03,0,0.76 | 1.55 | 3.14,0,0.64 | 1.29 | 2.65,661.441,0.000,0,1,0,0,0,0,0,0,1,0,,0,,0,,0,0,0,1
1744615467,599000,2,3,4,4,0.209,1,0,0.01 | 0.01 | 0.01,0,0.76 | 1.10 | 1.45,0,1.38 | 1.82 | 2.65,686.089,0.000,0,1,0,0,0,0,0,0,1,0,,0,,0,,0,0,0,1
1744615467,599000,2,3,4,4,0.209,1,0,0.01 | 0.01 | 0.01,0,0.76 | 1.10 | 1.45,0,1.38 | 1.82 | 2.65,686.089,0.000,0,1,0,0,0,0,0,0,1,0,,0,,0,,0,0,0,1
1744615467,599000,2,3,4,4,0.209,1,0,0.01 | 0.01 | 0.01,0,0.76 | 1.10 | 1.45,0,1.38 | 1.82 | 2.65,686.089,0.000,0,1,0,0,0,0,0,0,1,0,,0,,0,,0,0,0,1
1744615467,599000,2,3,4,4,0.209,1,0,0.01 | 0.01 | 0.01,0,0.76 | 1.10 | 1.45,0,1.38 | 1.82 | 2.65,686.089,0.000,0,1,0,0,0,0,0,0,1,0,,0,,0,,0,0,0,1
1744615468,599000,2,3,4,4,0.209,1,0,0.01 | 0.01 | 0.01,0,0.76 | 1.10 | 1.45,0,1.38 | 1.82 | 2.65,686.089,0.000,0,1,0,0,0,0,0,0,1,0,,0,,0,,0,0,0,1
1744615468,599000,2,3,4,4,0.209,1,0,0.01 | 0.01 | 0.01,0,0.76 | 1.10 | 1.45,0,1.38 | 1.82 | 2.65,686.089,0.000,0,1,0,0,0,0,0,0,1,0,,0,,0,,0,0,0,1
1744615468,599000,2,3,4,4,0.209,1,0,0.01 | 0.01 | 0.01,0,0.76 | 1.10 | 1.45,0,1.38 | 1.82 | 2.65,686.089,0.000,0,1,0,0,0,0,0,0,1,0,,0,,0,,0,0,0,1
1744615468,599000,2,3,4,4,0.209,1,0,0.01 | 0.01 | 0.01,0,0.76 | 1.10 | 1.45,0,1.38 | 1.82 | 2.65,686.089,0.000,0,1,0,0,0,0,0,0,1,0,,0,,0,,0,0,0,1
1744615468,599000,2,3,4,4,0.209,1,0,0.01 | 0.01 | 0.01,0,0.76 | 1.10 | 1.45,0,1.38 | 1.82 | 2.65,686.089,0.000,0,1,0,0,0,0,0,0,1,0,,0,,0,,0,0,0,1
1744615468,599000,2,3,4,4,0.209,1,0,0.01 | 0.01 | 0.01,0,0.76 | 1.10 | 1.45,0,1.38 | 1.82 | 2.65,686.089,0.000,0,1,0,0,0,0,0,0,1,0,,0,,0,,0,0,0,1
1744615468,599000,2,3,4,4,0.209,1,0,0.01 | 0.01 | 0.01,0,0.76 | 1.15 | 1.68,0,1.19 | 1.73 | 2.65,701.355,0.000,0,1,0,0,0,0,0,0,1,0,,0,,0,,0,0,0,1
1744615468,599000,2,3,4,4,0.209,1,0,0.01 | 0.01 | 0.01,0,0.76 | 1.15 | 1.68,0,1.19 | 1.73 | 2.65,701.355,0.000,0,1,0,0,0,0,0,0,1,0,,0,,0,,0,0,0,1
1744615468,599000,2,3,4,4,0.209,1,0,0.01 | 0.01 | 0.01,0,0.76 | 1.15 | 1.68,0,1.19 | 1.73 | 2.65,701.355,0.000,0,1,0,0,0,0,0,0,1,0,,0,,0,,0,0,0,1
1744615469,599000,2,3,4,4,0.209,1,0,0.01 | 0.01 | 0.01,0,0.76 | 1.15 | 1.68,0,1.19 | 1.73 | 2.65,701.355,0.000,0,1,0,0,0,0,0,0,1,0,,0,,0,,0,0,0,1
1744615469,599000,2,3,4,4,0.209,1,0,0.01 | 0.01 | 0.01,0,0.76 | 1.15 | 1.68,0,1.19 | 1.73 | 2.65,701.355,0.000,0,1,0,0,0,0,0,0,1,0,,0,,0,,0,0,0,1
1744615469,599000,2,3,4,4,0.209,1,0,0.01 | 0.01 | 0.01,0,0.76 | 1.15 | 1.68,0,1.19 | 1.73 | 2.65,701.355,0.000,0,1,0,0,0,0,0,0,1,0,,0,,0,,0,0,0,1
1744615469,599000,2,3,4,4,0.209,1,0,0.01 | 0.01 | 0.01,0,0.76 | 1.15 | 1.68,0,1.19 | 1.73 | 2.65,701.355,0.000,0,1,0,0,0,0,0,0,1,0,,0,,0,,0,0,0,1
1744615469,599000,2,3,4,4,0.209,1,0,0.01 | 0.01 | 0.01,0,0.76 | 1.15 | 1.68,0,1.19 | 1.73 | 2.65,701.355,0.000,0,1,0,0,0,0,0,0,1,0,,0,,0,,0,0,0,1
1744615469,599000,2,3,4,4,0.209,1,0,0.01 | 0.01 | 0.01,0,0.76 | 1.15 | 1.68,0,1.19 | 1.73 | 2.65,701.355,0.000,0,1,0,0,0,0,0,0,1,0,,0,,0,,0,0,0,1
1744615469,599000,2,3,4,4,0.209,1,0,0.01 | 0.01 | 0.01,0,0.76 | 1.15 | 1.68,0,1.19 | 1.73 | 2.65,701.355,0.000,0,1,0,0,0,0,0,0,1,0,,0,,0,,0,0,0,1
1744615469,599000,2,3,4,4,0.209,1,0,0.01 | 0.01 | 0.01,0,0.76 | 1.15 | 1.68,0,1.19 | 1.73 | 2.65,701.355,0.000,0,1,0,0,0,0,0,0,1,0,,0,,0,,0,0,0,1
1744615469,599000,2,3,4,4,0.209,1,0,0.01 | 0.01 | 0.01,0,0.76 | 1.15 | 1.68,0,1.19 | 1.73 | 2.65,701.355,0.000,0,1,0,0,0,0,0,0,1,0,,0,,0,,0,0,0,1
1744615469,599000,2,3,4,4,0.209,1,0,0.01 | 0.01 | 0.01,0,0.76 | 1.15 | 1.68,0,1.19 | 1.73 | 2.65,701.355,0.000,0,1,0,0,0,0,0,0,1,0,,0,,0,,0,0,0,1
1744615470,599000,2,3,4,4,0.209,1,0,0.01 | 0.01 | 0.01,0,0.76 | 1.15 | 1.68,0,1.19 | 1.73 | 2.65,701.355,0.000,0,1,0,0,0,0,0,0,1,0,,0,,0,,0,0,0,1
1744615470,599000,2,3,4,4,0.209,1,0,0.01 | 0.01 | 0.01,0,0.76 | 1.15 | 1.68,0,1.19 | 1.73 | 2.65,701.355,0.000,0,1,0,0,0,0,0,0,1,0,,0,,0,,0,0,0,1
1744615470,599000,2,3,4,4,0.209,1,0,0.01 | 0.01 | 0.01,0,0.76 | 1.15 | 1.68,0,1.19 | 1.73 | 2.65,701.355,0.000,0,1,0,0,0,0,0,0,1,0,,0,,0,,0,0,0,1
1744615470,599000,2,3,4,4,0.209,1,0,0.01 | 0.01 | 0.01,0,0.76 | 1.15 | 1.68,0,1.19 | 1.73 | 2.65,701.355,0.000,0,1,0,0,0,0,0,0,1,0,,0,,0,,0,0,0,1
1744615470,599000,2,3,4,4,0.209,1,0,0.01 | 0.01 | 0.01,0,0.76 | 1.15 | 1.68,0,1.19 | 1.73 | 2.65,701.355,0.000,0,1,0,0,0,0,0,0,1,0,,0,,0,,0,0,0,1
1744615470,599000,2,3,4,4,0.209,1,0,0.01 | 0.01 | 0.01,0,0.76 | 1.15 | 1.68,0,1.19 | 1.73 | 2.65,701.355,0.000,0,1,0,0,0,0,0,0,1,0,,0,,0,,0,0,0,1
1744615470,599000,2,3,4,4,0.209,1,0,0.01 | 0.01 | 0.01,0,0.76 | 1.15 | 1.68,0,1.19 | 1.73 | 2.65,701.355,0.000,0,1,0,0,0,0,0,0,1,0,,0,,0,,0,0,0,1
1744615470,599000,2,3,4,4,0.209,1,0,0.01 | 0.01 | 0.01,0,0.76 | 1.15 | 1.68,0,1.19 | 1.73 | 2.65,701.355,0.000,0,1,0,0,0,0,0,0,1,0,,0,,0,,0,0,0,1
1744615470,599000,2,3,4,4,0.209,1,0,0.01 | 0.01 | 0.01,0,0.76 | 1.15 | 1.68,0,1.19 | 1.73 | 2.65,701.355,0.000,0,1,0,0,0,0,0,0,1,0,,0,,0,,0,0,0,1
1744615471,599000,2,3,4,4,0.209,1,0,0.01 | 0.01 | 0.01,0,0.76 | 1.15 | 1.68,0,1.19 | 1.73 | 2.65,701.355,0.000,0,1,0,0,0,0,0,0,1,0,,0,,0,,0,0,0,1
1744615471,599000,2,3,4,4,0.209,1,0,0.01 | 0.01 | 0.01,0,0.76 | 1.15 | 1.68,0,1.19 | 1.73 | 2.65,701.355,0.000,0,1,0,0,0,0,0,0,1,0,,0,,0,,0,0,0,1
1744615471,599000,2,3,4,4,0.209,1,0,0.01 | 0.01 | 0.01,0,0.76 | 1.15 | 1.68,0,1.19 | 1.73 | 2.65,701.355,0.000,0,1,0,0,0,0,0,0,1,0,,0,,0,,0,0,0,1
1744615471,599000,2,3,4,4,0.209,1,0,0.01 | 0.01 | 0.01,0,0.76 | 1.15 | 1.68,0,1.19 | 1.73 | 2.65,701.355,0.000,0,1,0,0,0,0,0,0,1,0,,0,,0,,0,0,0,1
1744615471,599000,2,3,4,4,0.209,1,0,0.01 | 0.01 | 0.01,0,0.76 | 1.15 | 1.68,0,1.19 | 1.73 | 2.65,701.355,0.000,0,1,0,0,0,0,0,0,1,0,,0,,0,,0,0,0,1
1744615471,599000,3,3,4,4,0.209,1,0,0.01 | 0.01 | 0.01,0,0.76 | 1.15 | 1.68,0,1.19 | 1.73 | 2.65,701.355,0.000,0,1,0,0,0,0,0,0,1,0,,0,,0,,0,0,0,1
1744615471,599000,3,3,4,4,0.209,1,0,0.01 | 0.01 | 0.01,0,0.76 | 1.15 | 1.68,0,1.19 | 1.73 | 2.65,701.355,0.000,0,1,0,0,0,0,0,0,1,0,,0,,0,,0,0,0,1
1744615471,599000,3,3,4,4,1.98,2,0,0.01 | 0.01 | 0.01,0,0.86 | 1.50 | 2.13,0,0.94 | 1.34 | 2.34,671.197,0.000,0,1,0,0,0,0,0,0,2,0,,0,,0,,0,0,0,1
1744615471,599000,3,3,4,4,1.98,2,0,0.01 | 0.01 | 0.01,0,0.86 | 1.50 | 2.13,0,0.94 | 1.34 | 2.34,671.197,0.000,0,1,0,0,0,0,0,0,2,0,,0,,0,,0,0,0,1
1744615471,599000,3,3,4,4,1.98,2,0,0.01 | 0.01 | 0.01,0,0.86 | 1.50 | 2.13,0,0.94 | 1.34 | 2.34,671.197,0.000,0,1,0,0,0,0,0,0,2,0,,0,,0,,0,0,0,1
1744615471,599000,3,3,4,4,1.98,2,0,0.01 | 0.01 | 0.01,0,0.86 | 1.50 | 2.13,0,0.94 | 1.34 | 2.34,671.197,0.000,0,1,0,0,0,0,0,0,2,0,,0,,0,,0,0,0,1
1744615472,599000,3,3,4,4,1.98,2,0,0.01 | 0.01 | 0.01,0,0.86 | 1.50 | 2.13,0,0.94 | 1.34 | 2.34,671.197,0.000,0,1,0,0,0,0,0,0,2,0,,0,,0,,0,0,0,1
1744615472,599000,3,3,4,4,1.98,2,0,0.01 | 0.01 | 0.01,0,0.86 | 1.50 | 2.13,0,0.94 | 1.34 | 2.34,671.197,0.000,0,1,0,0,0,0,0,0,2,0,,0,,0,,0,0,0,1
1744615472,599000,3,3,4,4,1.98,2,0,0.01 | 0.01 | 0.01,0,0.86 | 1.50 | 2.13,0,0.94 | 1.34 | 2.34,671.197,0.000,0,1,0,0,0,0,0,0,2,0,,0,,0,,0,0,0,1
1744615472,599000,3,3,4,4,1.98,2,0,0.01 | 0.01 | 0.01,0,0.86 | 1.50 | 2.13,0,0.94 | 1.34 | 2.34,671.197,0.000,0,1,0,0,0,0,0,0,2,0,,0,,0,,0,0,0,1
1744615472,599000,3,3,4,4,1.98,2,0,0.01 | 0.01 | 0.01,0,0.86 | 1.50 | 2.13,0,0.94 | 1.34 | 2.34,671.197,0.000,0,1,0,0,0,0,0,0,2,0,,0,,0,,0,0,0,1
1744615472,599000,3,3,4,4,1.98,2,0,0.01 | 0.01 | 0.01,0,0.86 | 1.50 | 2.13,0,0.94 | 1.34 | 2.34,671.197,0.000,0,1,0,0,0,0,0,0,2,0,,0,,0,,0,0,0,1
1744615472,599000,3,3,4,4,0.92,2,0,0.01 | 0.01 | 0.01,0,0.86 | 1.50 | 2.13,0,0.94 | 1.34 | 2.34,671.197,0.000,0,1,0,0,0,0,0,0,2,0,,0,,0,,0,0,0,1
1744615472,599000,3,3,4,4,0.92,2,0,0.01 | 0.01 | 0.01,0,0.86 | 1.50 | 2.13,0,0.94 | 1.34 | 2.34,671.197,0.000,0,1,0,0,0,0,0,0,2,0,,0,,0,,0,0,0,1
1744615472,599000,3,3,4,4,0.92,2,0,0.01 | 0.01 | 0.01,0,0.86 | 1.50 | 2.13,0,0.94 | 1.34 | 2.34,671.197,0.000,0,1,0,0,0,0,0,0,2,0,,0,,0,,0,0,0,1
1744615473,599000,3,3,4,4,0.92,2,0,0.01 | 0.01 | 0.01,0,0.86 | 1.50 | 2.13,0,0.94 | 1.34 | 2.34,671.197,0.000,0,1,0,0,0,0,0,0,2,0,,0,,0,,0,0,0,1
1744615473,599000,3,3,4,4,0.92,2,0,0.01 | 0.01 | 0.01,0,0.86 | 1.50 | 2.13,0,0.94 | 1.34 | 2.34,671.197,0.000,0,1,0,0,0,0,0,0,2,0,,0,,0,,0,0,0,1
1744615473,599000,3,3,4,4,0.92,2,0,0.01 | 0.01 | 0.01,0,0.86 | 1.50 | 2.13,0,0.94 | 1.34 | 2.34,671.197,0.000,0,1,0,0,0,0,0,0,2,0,,0,,0,,0,0,0,1
1744615473,599000,3,3,4,4,0.92,2,0,0.01 | 0.01 | 0.01,0,0.86 | 1.50 | 2.13,0,0.94 | 1.34 | 2.34,671.197,0.000,0,1,0,0,0,0,0,0,2,0,,0,,0,,0,0,0,1
1744615473,599000,3,3,4,4,0.92,2,0,0.01 | 0.01 | 0.01,0,0.86 | 1.50 | 2.13,0,0.94 | 1.34 | 2.34,671.197,0.000,0,1,0,0,0,0,0,0,2,0,,0,,0,,0,0,0,1
1744615473,599000,3,3,4,4,0.92,2,0,0.01 | 0.01 | 0.01,0,0.86 | 1.50 | 2.13,0,0.94 | 1.34 | 2.34,671.197,0.000,0,1,0,0,0,0,0,0,2,0,,0,,0,,0,0,0,1
1744615473,599000,3,3,4,4,1.858,2,0,0.01 | 0.01 | 0.01,0,1.32 | 1.73 | 2.13,0,0.94 | 1.16 | 1.51,688.200,0.000,0,1,0,0,0,0,0,0,2,0,,0,,0,,0,0,0,1
1744615473,599000,3,3,4,4,1.858,2,0,0.01 | 0.01 | 0.01,0,1.32 | 1.73 | 2.13,0,0.94 | 1.16 | 1.51,688.200,0.000,0,1,0,0,0,0,0,0,2,0,,0,,0,,0,0,0,1
1744615473,599000,3,3,4,4,1.858,2,0,0.01 | 0.01 | 0.01,0,1.32 | 1.73 | 2.13,0,0.94 | 1.16 | 1.51,688.200,0.000,0,1,0,0,0,0,0,0,2,0,,0,,0,,0,0,0,1
1744615473,599000,3,3,4,4,1.858,2,0,0.01 | 0.01 | 0.01,0,1.32 | 1.73 | 2.13,0,0.94 | 1.16 | 1.51,688.200,0.000,0,1,0,0,0,0,0,0,2,0,,0,,0,,0,0,0,1
1744615474,599000,3,3,4,4,1.858,2,0,0.01 | 0.01 | 0.01,0,1.32 | 1.73 | 2.13,0,0.94 | 1.16 | 1.51,688.200,0.000,0,1,0,0,0,0,0,0,2,0,,0,,0,,0,0,0,1
1744615474,599000,3,3,4,4,1.858,2,0,0.01 | 0.01 | 0.01,0,1.32 | 1.73 | 2.13,0,0.94 | 1.16 | 1.51,688.200,0.000,0,1,0,0,0,0,0,0,2,0,,0,,0,,0,0,0,1
1744615474,599000,3,3,4,4,1.858,2,0,0.01 | 0.01 | 0.01,0,1.32 | 1.73 | 2.13,0,0.94 | 1.16 | 1.51,688.200,0.000,0,1,0,0,0,0,0,0,2,0,,0,,0,,0,0,0,1
1744615474,599000,3,3,4,4,1.858,2,0,0.01 | 0.01 | 0.01,0,1.32 | 1.73 | 2.13,0,0.94 | 1.16 | 1.51,688.200,0.000,0,1,0,0,0,0,0,0,2,0,,0,,0,,0,0,0,1
1744615474,599000,3,3,4,4,1.858,2,0,0.01 | 0.01 | 0.01,0,1.32 | 1.73 | 2.13,0,0.94 | 1.16 | 1.51,688.200,0.000,0,1,0,0,0,0,0,0,2,0,,0,,0,,0,0,0,1
1744615474,599000,3,3,4,4,1.858,2,0,0.01 | 0.01 | 0.01,0,1.32 | 1.73 | 2.13,0,0.94 | 1.16 | 1.51,688.200,0.000,0,1,0,0,0,0,0,0,2,0,,0,,0,,0,0,0,1
1744615474,599000,3,3,4,4,1.061,2,0,0.01 | 0.01 | 0.01,0,1.32 | 1.73 | 2.13,0,0.94 | 1.16 | 1.51,688.200,0.000,0,1,0,0,0,0,0,0,2,0,,0,,0,,0,0,0,1
1744615474,599000,3,3,4,4,1.061,2,0,0.01 | 0.01 | 0.01,0,1.32 | 1.73 | 2.13,0,0.94 | 1.16 | 1.51,688.200,0.000,0,1,0,0,0,0,0,0,2,0,,0,,0,,0,0,0,1
1744615474,599000,3,3,4,4,1.061,2,0,0.01 | 0.01 | 0.01,0,1.32 | 1.73 | 2.13,0,0.94 | 1.16 | 1.51,688.200,0.000,0,1,0,0,0,0,0,0,2,0,,0,,0,,0,0,0,1
1744615475,599000,3,3,4,4,1.061,2,0,0.01 | 0.01 | 0.01,0,1.32 | 1.73 | 2.13,0,0.94 | 1.16 | 1.51,688.200,0.000,0,1,0,0,0,0,0,0,2,0,,0,,0,,0,0,0,1
1744615475,599000,3,3,4,4,1.061,2,0,0.01 | 0.01 | 0.01,0,1.32 | 1.73 | 2.13,0,0.94 | 1.16 | 1.51,688.200,0.000,0,1,0,0,0,0,0,0,2,0,,0,,0,,0,0,0,1
1744615475,599000,3,3,4,4,1.061,2,0,0.01 | 0.01 | 0.01,0,1.32 | 1.73 | 2.13,0,0.94 | 1.16 | 1.51,688.200,0.000,0,1,0,0,0,0,0,0,2,0,,0,,0,,0,0,0,1
1744615475,599000,3,3,4,4,1.061,2,0,0.01 | 0.01 | 0.01,0,1.32 | 1.73 | 2.13,0,0.94 | 1.16 | 1.51,688.200,0.000,0,1,0,0,0,0,0,0,2,0,,0,,0,,0,0,0,1
1744615475,599000,3,3,4,4,1.061,2,0,0.01 | 0.01 | 0.01,0,1.32 | 1.73 | 2.13,0,0.94 | 1.16 | 1.51,688.200,0.000,0,1,0,0,0,0,0,0,2,0,,0,,0,,0,0,0,1
1744615475,599000,3,3,4,4,1.061,2,0,0.01 | 0.01 | 0.01,0,1.32 | 1.73 | 2.13,0,0.94 | 1.16 | 1.51,688.200,0.000,0,1,0,0,0,0,0,0,2,0,,0,,0,,0,0,0,1
1744615475,599000,3,3,4,4,1.982,2,0,0.01 | 0.01 | 0.01,0,1.68 | 1.83 | 2.13,0,0.94 | 1.09 | 1.19,701.761,0.000,0,1,0,0,0,0,0,0,2,0,,0,,0,,0,0,0,1
1744615475,599000,3,3,4,4,1.982,2,0,0.01 | 0.01 | 0.01,0,1.68 | 1.83 | 2.13,0,0.94 | 1.09 | 1.19,701.761,0.000,0,1,0,0,0,0,0,0,2,0,,0,,0,,0,0,0,1
1744615475,599000,3,3,4,4,1.982,2,0,0.01 | 0.01 | 0.01,0,1.68 | 1.83 | 2.13,0,0.94 | 1.09 | 1.19,701.761,0.000,0,1,0,0,0,0,0,0,2,0,,0,,0,,0,0,0,1
1744615475,599000,3,3,4,4,1.982,2,0,0.01 | 0.01 | 0.01,0,1.68 | 1.83 | 2.13,0,0.94 | 1.09 | 1.19,701.761,0.000,0,1,0,0,0,0,0,0,2,0,,0,,0,,0,0,0,1
1744615476,599000,3,3,4,4,1.982,2,0,0.01 | 0.01 | 0.01,0,1.68 | 1.83 | 2.13,0,0.94 | 1.09 | 1.19,701.761,0.000,0,1,0,0,0,0,0,0,2,0,,0,,0,,0,0,0,1
1744615476,599000,3,3,4,4,1.982,2,0,0.01 | 0.01 | 0.01,0,1.68 | 1.83 | 2.13,0,0.94 | 1.09 | 1.19,701.761,0.000,0,1,0,0,0,0,0,0,2,0,,0,,0,,0,0,0,1
1744615476,599000,3,3,4,4,1.982,2,0,0.01 | 0.01 | 0.01,0,1.68 | 1.83 | 2.13,0,0.94 | 1.09 | 1.19,701.761,0.000,0,1,0,0,0,0,0,0,2,0,,0,,0,,0,0,0,1
1744615476,599000,3,3,4,4,1.982,2,0,0.01 | 0.01 | 0.01,0,1.68 | 1.83 | 2.13,0,0.94 | 1.09 | 1.19,701.761,0.000,0,1,0,0,0,0,0,0,2,0,,0,,0,,0,0,0,1
1744615476,599000,3,3,4,4,1.982,2,0,0.01 | 0.01 | 0.01,0,1.68 | 1.83 | 2.13,0,0.94 | 1.09 | 1.19,701.761,0.000,0,1,0,0,0,0,0,0,2,0,,0,,0,,0,0,0,1
1744615476,599000,3,3,4,4,1.982,2,0,0.01 | 0.01 | 0.01,0,1.68 | 1.83 | 2.13,0,0.94 | 1.09 | 1.19,701.761,0.000,0,1,0,0,0,0,0,0,2,0,,0,,0,,0,0,0,1
1744615476,599000,3,3,4,4,0.904,2,0,0.01 | 0.01 | 0.01,0,1.68 | 1.83 | 2.13,0,0.94 | 1.09 | 1.19,701.761,0.000,0,1,0,0,0,0,0,0,2,0,,0,,0,,0,0,0,1
1744615476,599000,3,3,4,4,0.904,2,0,0.01 | 0.01 | 0.01,0,1.68 | 1.83 | 2.13,0,0.94 | 1.09 | 1.19,701.761,0.000,0,1,0,0,0,0,0,0,2,0,,0,,0,,0,0,0,1
1744615476,599000,3,3,4,4,0.904,2,0,0.01 | 0.01 | 0.01,0,1.68 | 1.83 | 2.13,0,0.94 | 1.09 | 1.19,701.761,0.000,0,1,0,0,0,0,0,0,2,0,,0,,0,,0,0,0,1
1744615477,599000,3,3,4,4,0.904,2,0,0.01 | 0.01 | 0.01,0,1.68 | 1.83 | 2.13,0,0.94 | 1.09 | 1.19,701.761,0.000,0,1,0,0,0,0,0,0,2,0,,0,,0,,0,0,0,1
1744615477,599000,3,3,4,4,0.904,2,0,0.01 | 0.01 | 0.01,0,1.68 | 1.83 | 2.13,0,0.94 | 1.09 | 1.19,701.761,0.000,0,1,0,0,0,0,0,0,2,0,,0,,0,,0,0,0,1
1744615477,599000,3,3,4,4,0.904,2,0,0.01 | 0.01 | 0.01,0,1.68 | 1.83 | 2.13,0,0.94 | 1.09 | 1.19,701.761,0.000,0,1,0,0,0,0,0,0,2,0,,0,,0,,0,0,0,1
1744615477,599000,3,3,4,4,0.904,2,0,0.01 | 0.01 | 0.01,0,1.68 | 1.83 | 2.13,0,0.94 | 1.09 | 1.19,701.761,0.000,0,1,0,0,0,0,0,0,2,0,,0,,0,,0,0,0,1
1744615477,599000,3,3,4,4,0.904,2,0,0.01 | 0.01 | 0.01,0,1.68 | 1.83 | 2.13,0,0.94 | 1.09 | 1.19,701.761,0.000,0,1,0,0,0,0,0,0,2,0,,0,,0,,0,0,0,1
1744615477,599000,3,3,4,4,0.904,2,0,0.01 | 0.01 | 0.01,0,1.68 | 1.83 | 2.13,0,0.94 | 1.09 | 1.19,701.761,0.000,0,1,0,0,0,0,0,0,2,0,,0,,0,,0,0,0,1
1744615477,599000,3,3,4,4,2.044,2,0,0.01 | 0.01 | 0.01,0,1.72 | 1.86 | 2.13,0,0.94 | 1.07 | 1.16,705.323,0.000,0,1,0,0,0,0,0,0,2,0,,0,,0,,0,0,0,1
1744615477,599000,3,3,4,4,2.044,2,0,0.01 | 0.01 | 0.01,0,1.72 | 1.86 | 2.13,0,0.94 | 1.07 | 1.16,705.323,0.000,0,1,0,0,0,0,0,0,2,0,,0,,0,,0,0,0,1
1744615477,599000,3,3,4,4,2.044,2,0,0.01 | 0.01 | 0.01,0,1.72 | 1.86 | 2.13,0,0.94 | 1.07 | 1.16,705.323,0.000,0,1,0,0,0,0,0,0,2,0,,0,,0,,0,0,0,1
1744615477,599000,3,3,4,4,2.044,2,0,0.01 | 0.01 | 0.01,0,1.72 | 1.86 | 2.13,0,0.94 | 1.07 | 1.16,705.323,0.000,0,1,0,0,0,0,0,0,2,0,,0,,0,,0,0,0,1
1744615478,599000,3,3,4,4,2.044,2,0,0.01 | 0.01 | 0.01,0,1.72 | 1.86 | 2.13,0,0.94 | 1.07 | 1.16,705.323,0.000,0,1,0,0,0,0,0,0,2,0,,0,,0,,0,0,0,1
1744615478,599000,3,3,4,4,2.044,2,0,0.01 | 0.01 | 0.01,0,1.72 | 1.86 | 2.13,0,0.94 | 1.07 | 1.16,705.323,0.000,0,1,0,0,0,0,0,0,2,0,,0,,0,,0,0,0,1
1744615478,599000,3,3,4,4,2.044,2,0,0.01 | 0.01 | 0.01,0,1.72 | 1.86 | 2.13,0,0.94 | 1.07 | 1.16,705.323,0.000,0,1,0,0,0,0,0,0,2,0,,0,,0,,0,0,0,1
1744615478,599000,3,3,4,4,2.044,2,0,0.01 | 0.01 | 0.01,0,1.72 | 1.86 | 2.13,0,0.94 | 1.07 | 1.16,705.323,0.000,0,1,0,0,0,0,0,0,2,0,,0,,0,,0,0,0,1
1744615478,599000,3,3,4,4,2.044,2,0,0.01 | 0.01 | 0.01,0,1.72 | 1.86 | 2.13,0,0.94 | 1.07 | 1.16,705.323,0.000,0,1,0,0,0,0,0,0,2,0,,0,,0,,0,0,0,1
1744615478,599000,3,3,4,4,2.044,2,0,0.01 | 0.01 | 0.01,0,1.72 | 1.86 | 2.13,0,0.94 | 1.07 | 1.16,705.323,0.000,0,1,0,0,0,0,0,0,2,0,,0,,0,,0,0,0,1
1744615478,599000,3,3,4,4,0.983,2,0,0.01 | 0.01 | 0.01,0,1.72 | 1.76 | 1.82,0,1.10 | 1.14 | 1.16,716.261,0.000,0,1,0,0,0,0,0,0,2,0,,0,,0,,0,0,0,1
1744615478,599000,3,3,4,4,0.983,2,0,0.01 | 0.01 | 0.01,0,1.72 | 1.76 | 1.82,0,1.10 | 1.14 | 1.16,716.261,0.000,0,1,0,0,0,0,0,0,2,0,,0,,0,,0,0,0,1
1744615478,599000,3,3,4,4,0.983,2,0,0.01 | 0.01 | 0.01,0,1.72 | 1.76 | 1.82,0,1.10 | 1.14 | 1.16,716.261,0.000,0,1,0,0,0,0,0,0,2,0,,0,,0,,0,0,0,1
1744615479,599000,3,3,4,4,0.983,2,0,0.01 | 0.01 | 0.01,0,1.72 | 1.76 | 1.82,0,1.10 | 1.14 | 1.16,716.261,0.000,0,1,0,0,0,0,0,0,2,0,,0,,0,,0,0,0,1
1744615479,599000,3,3,4,4,0.983,2,0,0.01 | 0.01 | 0.01,0,1.72 | 1.76 | 1.82,0,1.10 | 1.14 | 1.16,716.261,0.000,0,1,0,0,0,0,0,0,2,0,,0,,0,,0,0,0,1
1744615479,599000,3,3,4,4,0.983,2,0,0.01 | 0.01 | 0.01,0,1.72 | 1.76 | 1.82,0,1.10 | 1.14 | 1.16,716.261,0.000,0,1,0,0,0,0,0,0,2,0,,0,,0,,0,0,0,1
1744615479,599000,3,3,4,4,0.983,2,0,0.01 | 0.01 | 0.01,0,1.72 | 1.76 | 1.82,0,1.10 | 1.14 | 1.16,716.261,0.000,0,1,0,0,0,0,0,0,2,0,,0,,0,,0,0,0,1
1744615479,599000,3,3,4,4,0.983,2,0,0.01 | 0.01 | 0.01,0,1.72 | 1.76 | 1.82,0,1.10 | 1.14 | 1.16,716.261,0.000,0,1,0,0,0,0,0,0,2,0,,0,,0,,0,0,0,1
1744615479,599000,3,3,4,4,0.983,2,0,0.01 | 0.01 | 0.01,0,1.72 | 1.76 | 1.82,0,1.10 | 1.14 | 1.16,716.261,0.000,0,1,0,0,0,0,0,0,2,0,,0,,0,,0,0,0,1
1744615479,599000,3,3,4,4,1.905,2,0,0.01 | 0.01 | 0.01,0,1.72 | 1.76 | 1.82,0,1.10 | 1.14 | 1.16,716.261,0.000,0,1,0,0,0,0,0,0,2,0,,0,,0,,0,0,0,1
1744615479,599000,3,3,4,4,1.905,2,0,0.01 | 0.01 | 0.01,0,1.72 | 1.76 | 1.82,0,1.10 | 1.14 | 1.16,716.261,0.000,0,1,0,0,0,0,0,0,2,0,,0,,0,,0,0,0,1
1744615479,599000,3,3,4,4,1.905,2,0,0.01 | 0.01 | 0.01,0,1.72 | 1.76 | 1.82,0,1.10 | 1.14 | 1.16,716.261,0.000,0,1,0,0,0,0,0,0,2,0,,0,,0,,0,0,0,1
1744615479,599000,3,3,4,4,1.905,2,0,0.01 | 0.01 | 0.01,0,1.72 | 1.76 | 1.82,0,1.10 | 1.14 | 1.16,716.261,0.000,0,1,0,0,0,0,0,0,2,0,,0,,0,,0,0,0,1
1744615480,599000,3,3,4,4,1.905,2,0,0.01 | 0.01 | 0.01,0,1.72 | 1.76 | 1.82,0,1.10 | 1.14 | 1.16,716.261,0.000,0,1,0,0,0,0,0,0,2,0,,0,,0,,0,0,0,1
1744615480,599000,3,3,4,4,1.905,2,0,0.01 | 0.01 | 0.01,0,1.72 | 1.76 | 1.82,0,1.10 | 1.14 | 1.16,716.261,0.000,0,1,0,0,0,0,0,0,2,0,,0,,0,,0,0,0,1
1744615480,599000,3,3,4,4,1.905,2,0,0.01 | 0.01 | 0.01,0,1.72 | 1.76 | 1.82,0,1.10 | 1.14 | 1.16,716.261,0.000,0,1,0,0,0,0,0,0,2,0,,0,,0,,0,0,0,1
1744615480,599000,3,3,4,4,1.905,2,0,0.01 | 0.01 | 0.01,0,1.72 | 1.76 | 1.82,0,1.10 | 1.14 | 1.16,716.261,0.000,0,1,0,0,0,0,0,0,2,0,,0,,0,,0,0,0,1
1744615480,599000,3,3,4,4,1.905,2,0,0.01 | 0.01 | 0.01,0,1.72 | 1.76 | 1.82,0,1.10 | 1.14 | 1.16,716.261,0.000,0,1,0,0,0,0,0,0,2,0,,0,,0,,0,0,0,1
1744615480,599000,3,3,4,4,0.822,2,0,0.01 | 0.01 | 0.01,0,1.69 | 1.74 | 1.82,0,1.10 | 1.15 | 1.18,726.915,0.000,0,1,0,0,0,0,0,0,2,0,,0,,0,,0,0,0,1
1744615480,599000,3,3,4,4,0.822,2,0,0.01 | 0.01 | 0.01,0,1.69 | 1.74 | 1.82,0,1.10 | 1.15 | 1.18,726.915,0.000,0,1,0,0,0,0,0,0,2,0,,0,,0,,0,0,0,1
1744615480,599000,3,3,4,4,0.822,2,0,0.01 | 0.01 | 0.01,0,1.69 | 1.74 | 1.82,0,1.10 | 1.15 | 1.18,726.915,0.000,0,1,0,0,0,0,0,0,2,0,,0,,0,,0,0,0,1
1744615480,599000,3,3,4,4,0.822,2,0,0.01 | 0.01 | 0.01,0,1.69 | 1.74 | 1.82,0,1.10 | 1.15 | 1.18,726.915,0.000,0,1,0,0,0,0,0,0,2,0,,0,,0,,0,0,0,1
1744615481,599000,3,3,4,4,0.822,2,0,0.01 | 0.01 | 0.01,0,1.69 | 1.74 | 1.82,0,1.10 | 1.15 | 1.18,726.915,0.000,0,1,0,0,0,0,0,0,2,0,,0,,0,,0,0,0,1
1744615481,599000,3,3,4,4,0.822,2,0,0.01 | 0.01 | 0.01,0,1.69 | 1.74 | 1.82,0,1.10 | 1.15 | 1.18,726.915,0.000,0,1,0,0,0,0,0,0,2,0,,0,,0,,0,0,0,1
1744615481,599000,3,3,4,4,0.822,2,0,0.01 | 0.01 | 0.01,0,1.69 | 1.74 | 1.82,0,1.10 | 1.15 | 1.18,726.915,0.000,0,1,0,0,0,0,0,0,2,0,,0,,0,,0,0,0,1
1744615481,599000,3,3,4,4,0.822,2,0,0.01 | 0.01 | 0.01,0,1.69 | 1.74 | 1.82,0,1.10 | 1.15 | 1.18,726.915,0.000,0,1,0,0,0,0,0,0,2,0,,0,,0,,0,0,0,1
1744615481,599000,3,3,4,4,0.822,2,0,0.01 | 0.01 | 0.01,0,1.69 | 1.74 | 1.82,0,1.10 | 1.15 | 1.18,726.915,0.000,0,1,0,0,0,0,0,0,2,0,,0,,0,,0,0,0,1
1744615481,599000,3,3,4,4,0.822,2,0,0.01 | 0.01 | 0.01,0,1.69 | 1.74 | 1.82,0,1.10 | 1.15 | 1.18,726.915,0.000,0,1,0,0,0,0,0,0,2,0,,0,,0,,0,0,0,1
1744615481,599000,3,3,4,4,2.03,2,0,0.01 | 0.01 | 0.01,0,1.69 | 1.74 | 1.82,0,1.10 | 1.15 | 1.18,726.915,0.000,0,1,0,0,0,0,0,0,2,0,,0,,0,,0,0,0,1
1744615481,599000,3,3,4,4,2.03,2,0,0.01 | 0.01 | 0.01,0,1.69 | 1.74 | 1.82,0,1.10 | 1.15 | 1.18,726.915,0.000,0,1,0,0,0,0,0,0,2,0,,0,,0,,0,0,0,1
1744615481,599000,3,3,4,4,2.03,2,0,0.01 | 0.01 | 0.01,0,1.69 | 1.74 | 1.82,0,1.10 | 1.15 | 1.18,726.915,0.000,0,1,0,0,0,0,0,0,2,0,,0,,0,,0,0,0,1
1744615481,599000,3,3,4,4,2.03,2,0,0.01 | 0.01 | 0.01,0,1.69 | 1.74 | 1.82,0,1.10 | 1.15 | 1.18,726.915,0.000,0,1,0,0,0,0,0,0,2,0,,0,,0,,0,0,0,1
1744615482,599000,3,3,4,4,2.03,2,0,0.01 | 0.01 | 0.01,0,1.69 | 1.74 | 1.82,0,1.10 | 1.15 | 1.18,726.915,0.000,0,1,0,0,0,0,0,0,2,0,,0,,0,,0,0,0,1
1744615482,599000,3,3,4,4,2.03,2,0,0.01 | 0.01 | 0.01,0,1.69 | 1.74 | 1.82,0,1.10 | 1.15 | 1.18,726.915,0.000,0,1,0,0,0,0,0,0,2,0,,0,,0,,0,0,0,1
1744615482,599000,3,3,4,4,2.03,2,0,0.01 | 0.01 | 0.01,0,1.69 | 1.74 | 1.82,0,1.10 | 1.15 | 1.18,726.915,0.000,0,1,0,0,0,0,0,0,2,0,,0,,0,,0,0,0,1
1744615482,599000,3,3,4,4,2.03,2,0,0.01 | 0.01 | 0.01,0,1.69 | 1.74 | 1.82,0,1.10 | 1.15 | 1.18,726.915,0.000,0,1,0,0,0,0,0,0,2,0,,0,,0,,0,0,0,1
1744615482,599000,3,3,4,4,2.03,2,0,0.01 | 0.01 | 0.01,0,1.69 | 1.74 | 1.82,0,1.10 | 1.15 | 1.18,726.915,0.000,0,1,0,0,0,0,0,0,2,0,,0,,0,,0,0,0,1
1744615482,599000,3,3,4,4,2.03,2,0,0.01 | 0.01 | 0.01,0,1.69 | 1.74 | 1.82,0,1.10 | 1.15 | 1.18,726.915,0.000,0,1,0,0,0,0,0,0,2,0,,0,,0,,0,0,0,1
1744615482,599000,3,3,4,4,2.82,2,0,0.01 | 0.01 | 0.01,0,1.69 | 1.73 | 1.82,0,1.10 | 1.15 | 1.18,735.345,0.000,0,1,0,0,0,0,0,0,2,0,,0,,0,,0,0,0,1
1744615482,599000,3,3,4,4,2.82,2,0,0.01 | 0.01 | 0.01,0,1.69 | 1.73 | 1.82,0,1.10 | 1.15 | 1.18,735.345,0.000,0,1,0,0,0,0,0,0,2,0,,0,,0,,0,0,0,1
1744615482,599000,3,3,4,4,2.82,2,0,0.01 | 0.01 | 0.01,0,1.69 | 1.73 | 1.82,0,1.10 | 1.15 | 1.18,735.345,0.000,0,1,0,0,0,0,0,0,2,0,,0,,0,,0,0,0,1
1744615482,599000,3,3,4,4,2.82,2,0,0.01 | 0.01 | 0.01,0,1.69 | 1.73 | 1.82,0,1.10 | 1.15 | 1.18,735.345,0.000,0,1,0,0,0,0,0,0,2,0,,0,,0,,0,0,0,1
1744615483,599000,3,3,4,4,2.82,2,0,0.01 | 0.01 | 0.01,0,1.69 | 1.73 | 1.82,0,1.10 | 1.15 | 1.18,735.345,0.000,0,1,0,0,0,0,0,0,2,0,,0,,0,,0,0,0,1
1744615483,599000,3,3,4,4,2.82,2,0,0.01 | 0.01 | 0.01,0,1.69 | 1.73 | 1.82,0,1.10 | 1.15 | 1.18,735.345,0.000,0,1,0,0,0,0,0,0,2,0,,0,,0,,0,0,0,1
1744615483,599000,3,3,4,4,2.82,2,0,0.01 | 0.01 | 0.01,0,1.69 | 1.73 | 1.82,0,1.10 | 1.15 | 1.18,735.345,0.000,0,1,0,0,0,0,0,0,2,0,,0,,0,,0,0,0,1
1744615483,599000,3,3,4,4,2.82,2,0,0.01 | 0.01 | 0.01,0,1.69 | 1.73 | 1.82,0,1.10 | 1.15 | 1.18,735.345,0.000,0,1,0,0,0,0,0,0,2,0,,0,,0,,0,0,0,1
1744615483,599000,3,3,4,4,2.82,2,0,0.01 | 0.01 | 0.01,0,1.69 | 1.73 | 1.82,0,1.10 | 1.15 | 1.18,735.345,0.000,0,1,0,0,0,0,0,0,2,0,,0,,0,,0,0,0,1
1744615483,599000,3,3,4,4,2.82,2,0,0.01 | 0.01 | 0.01,0,1.69 | 1.73 | 1.82,0,1.10 | 1.15 | 1.18,735.345,0.000,0,1,0,0,0,0,0,0,2,0,,0,,0,,0,0,0,1
1744615483,599000,3,3,4,4,1.905,2,0,0.01 | 0.01 | 0.01,0,1.69 | 1.73 | 1.82,0,1.10 | 1.15 | 1.18,735.345,0.000,0,1,0,0,0,0,0,0,2,0,,0,,0,,0,0,0,1
1744615483,599000,3,3,4,4,1.905,2,0,0.01 | 0.01 | 0.01,0,1.69 | 1.73 | 1.82,0,1.10 | 1.15 | 1.18,735.345,0.000,0,1,0,0,0,0,0,0,2,0,,0,,0,,0,0,0,1
1744615483,599000,3,3,4,4,1.905,2,0,0.01 | 0.01 | 0.01,0,1.69 | 1.73 | 1.82,0,1.10 | 1.15 | 1.18,735.345,0.000,0,1,0,0,0,0,0,0,2,0,,0,,0,,0,0,0,1
1744615483,599000,3,3,4,4,1.905,2,0,0.01 | 0.01 | 0.01,0,1.69 | 1.73 | 1.82,0,1.10 | 1.15 | 1.18,735.345,0.000,0,1,0,0,0,0,0,0,2,0,,0,,0,,0,0,0,1
1744615484,599000,3,3,4,4,1.905,2,0,0.01 | 0.01 | 0.01,0,1.69 | 1.73 | 1.82,0,1.10 | 1.15 | 1.18,735.345,0.000,0,1,0,0,0,0,0,0,2,0,,0,,0,,0,0,0,1
1744615484,599000,3,3,4,4,1.905,2,0,0.01 | 0.01 | 0.01,0,1.69 | 1.73 | 1.82,0,1.10 | 1.15 | 1.18,735.345,0.000,0,1,0,0,0,0,0,0,2,0,,0,,0,,0,0,0,1
1744615484,599000,3,3,4,4,1.905,2,0,0.01 | 0.01 | 0.01,0,1.69 | 1.73 | 1.82,0,1.10 | 1.15 | 1.18,735.345,0.000,0,1,0,0,0,0,0,0,2,0,,0,,0,,0,0,0,1
1744615484,599000,3,3,4,4,1.905,2,0,0.01 | 0.01 | 0.01,0,1.69 | 1.73 | 1.82,0,1.10 | 1.15 | 1.18,735.345,0.000,0,1,0,0,0,0,0,0,2,0,,0,,0,,0,0,0,1
1744615484,599000,3,3,4,4,1.905,2,0,0.01 | 0.01 | 0.01,0,1.69 | 1.73 | 1.82,0,1.10 | 1.15 | 1.18,735.345,0.000,0,1,0,0,0,0,0,0,2,0,,0,,0,,0,0,0,1
1744615484,599000,3,3,4,4,2.826,2,0,0.01 | 0.01 | 0.02,0,1.69 | 1.70 | 1.72,0,1.16 | 1.17 | 1.18,742.449,0.000,0,1,0,0,0,0,0,0,2,0,,0,,0,,0,0,0,1
1744615484,599000,3,3,4,4,2.826,2,0,0.01 | 0.01 | 0.02,0,1.69 | 1.70 | 1.72,0,1.16 | 1.17 | 1.18,742.449,0.000,0,1,0,0,0,0,0,0,2,0,,0,,0,,0,0,0,1
1744615484,599000,3,3,4,4,2.826,2,0,0.01 | 0.01 | 0.02,0,1.69 | 1.70 | 1.72,0,1.16 | 1.17 | 1.18,742.449,0.000,0,1,0,0,0,0,0,0,2,0,,0,,0,,0,0,0,1
1744615484,599000,3,3,4,4,2.826,2,0,0.01 | 0.01 | 0.02,0,1.69 | 1.70 | 1.72,0,1.16 | 1.17 | 1.18,742.449,0.000,0,1,0,0,0,0,0,0,2,0,,0,,0,,0,0,0,1
1744615485,599000,3,3,4,4,2.826,2,0,0.01 | 0.01 | 0.02,0,1.69 | 1.70 | 1.72,0,1.16 | 1.17 | 1.18,742.449,0.000,0,1,0,0,0,0,0,0,2,0,,0,,0,,0,0,0,1
1744615485,599000,3,3,4,4,2.826,2,0,0.01 | 0.01 | 0.02,0,1.69 | 1.70 | 1.72,0,1.16 | 1.17 | 1.18,742.449,0.000,0,1,0,0,0,0,0,0,2,0,,0,,0,,0,0,0,1
1744615485,599000,3,3,4,4,2.826,2,0,0.01 | 0.01 | 0.02,0,1.69 | 1.70 | 1.72,0,1.16 | 1.17 | 1.18,742.449,0.000,0,1,0,0,0,0,0,0,2,0,,0,,0,,0,0,0,1
1744615485,599000,3,3,4,4,2.826,2,0,0.01 | 0.01 | 0.02,0,1.69 | 1.70 | 1.72,0,1.16 | 1.17 | 1.18,742.449,0.000,0,1,0,0,0,0,0,0,2,0,,0,,0,,0,0,0,1
1744615485,599000,3,3,4,4,2.826,2,0,0.01 | 0.01 | 0.02,0,1.69 | 1.70 | 1.72,0,1.16 | 1.17 | 1.18,742.449,0.000,0,1,0,0,0,0,0,0,2,0,,0,,0,,0,0,0,1
1744615485,599000,3,3,4,4,2.826,2,0,0.01 | 0.01 | 0.02,0,1.69 | 1.70 | 1.72,0,1.16 | 1.17 | 1.18,742.449,0.000,0,1,0,0,0,0,0,0,2,0,,0,,0,,0,0,0,1
1744615485,599000,3,3,4,4,2.029,2,0,0.01 | 0.01 | 0.02,0,1.69 | 1.70 | 1.72,0,1.16 | 1.17 | 1.18,742.449,0.000,0,1,0,0,0,0,0,0,2,0,,0,,0,,0,0,0,1
1744615485,599000,3,3,4,4,2.029,2,0,0.01 | 0.01 | 0.02,0,1.69 | 1.70 | 1.72,0,1.16 | 1.17 | 1.18,742.449,0.000,0,1,0,0,0,0,0,0,2,0,,0,,0,,0,0,0,1
1744615485,599000,3,3,4,4,2.029,2,0,0.01 | 0.01 | 0.02,0,1.69 | 1.70 | 1.72,0,1.16 | 1.17 | 1.18,742.449,0.000,0,1,0,0,0,0,0,0,2,0,,0,,0,,0,0,0,1
1744615485,599000,3,3,4,4,2.029,2,0,0.01 | 0.01 | 0.02,0,1.69 | 1.70 | 1.72,0,1.16 | 1.17 | 1.18,742.449,0.000,0,1,0,0,0,0,0,0,2,0,,0,,0,,0,0,0,1
1744615486,599000,3,3,4,4,2.029,2,0,0.01 | 0.01 | 0.02,0,1.69 | 1.70 | 1.72,0,1.16 | 1.17 | 1.18,742.449,0.000,0,1,0,0,0,0,0,0,2,0,,0,,0,,0,0,0,1
1744615486,599000,3,3,4,4,2.029,2,0,0.01 | 0.01 | 0.02,0,1.69 | 1.70 | 1.72,0,1.16 | 1.17 | 1.18,742.449,0.000,0,1,0,0,0,0,0,0,2,0,,0,,0,,0,0,0,1
1744615486,599000,3,3,4,4,2.029,2,0,0.01 | 0.01 | 0.02,0,1.69 | 1.70 | 1.72,0,1.16 | 1.17 | 1.18,742.449,0.000,0,1,0,0,0,0,0,0,2,0,,0,,0,,0,0,0,1
1744615486,599000,3,3,4,4,2.029,2,0,0.01 | 0.01 | 0.02,0,1.69 | 1.70 | 1.72,0,1.16 | 1.17 | 1.18,742.449,0.000,0,1,0,0,0,0,0,0,2,0,,0,,0,,0,0,0,1
1744615486,599000,3,3,4,4,2.029,2,0,0.01 | 0.01 | 0.02,0,1.69 | 1.70 | 1.72,0,1.16 | 1.17 | 1.18,742.449,0.000,0,1,0,0,0,0,0,0,2,0,,0,,0,,0,0,0,1
1744615486,599000,3,3,4,4,2.842,2,0,0.01 | 0.01 | 0.02,0,1.69 | 1.71 | 1.73,0,1.16 | 1.17 | 1.18,744.960,0.000,0,1,0,0,0,0,0,0,2,0,,0,,0,,0,0,0,1
1744615486,599000,3,3,4,4,2.842,2,0,0.01 | 0.01 | 0.02,0,1.69 | 1.71 | 1.73,0,1.16 | 1.17 | 1.18,744.960,0.000,0,1,0,0,0,0,0,0,2,0,,0,,0,,0,0,0,1
1744615486,599000,3,3,4,4,2.842,2,0,0.01 | 0.01 | 0.02,0,1.69 | 1.71 | 1.73,0,1.16 | 1.17 | 1.18,744.960,0.000,0,1,0,0,0,0,0,0,2,0,,0,,0,,0,0,0,1
1744615486,599000,3,3,4,4,2.842,2,0,0.01 | 0.01 | 0.02,0,1.69 | 1.71 | 1.73,0,1.16 | 1.17 | 1.18,744.960,0.000,0,1,0,0,0,0,0,0,2,0,,0,,0,,0,0,0,1
1744615487,599000,3,3,4,4,2.842,2,0,0.01 | 0.01 | 0.02,0,1.69 | 1.71 | 1.73,0,1.16 | 1.17 | 1.18,744.960,0.000,0,1,0,0,0,0,0,0,2,0,,0,,0,,0,0,0,1
1744615487,599000,3,3,4,4,2.842,2,0,0.01 | 0.01 | 0.02,0,1.69 | 1.71 | 1.73,0,1.16 | 1.17 | 1.18,744.960,0.000,0,1,0,0,0,0,0,0,2,0,,0,,0,,0,0,0,1
1744615487,599000,3,3,4,4,2.842,2,0,0.01 | 0.01 | 0.02,0,1.69 | 1.71 | 1.73,0,1.16 | 1.17 | 1.18,744.960,0.000,0,1,0,0,0,0,0,0,2,0,,0,,0,,0,0,0,1
1744615487,599000,3,3,4,4,2.842,2,0,0.01 | 0.01 | 0.02,0,1.69 | 1.71 | 1.73,0,1.16 | 1.17 | 1.18,744.960,0.000,0,1,0,0,0,0,0,0,2,0,,0,,0,,0,0,0,1
1744615487,599000,3,3,4,4,2.842,2,0,0.01 | 0.01 | 0.02,0,1.69 | 1.71 | 1.73,0,1.16 | 1.17 | 1.18,744.960,0.000,0,1,0,0,0,0,0,0,2,0,,0,,0,,0,0,0,1
1744615487,599000,3,3,4,4,2.842,2,0,0.01 | 0.01 | 0.02,0,1.69 | 1.71 | 1.73,0,1.16 | 1.17 | 1.18,744.960,0.000,0,1,0,0,0,0,0,0,2,0,,0,,0,,0,0,0,1
1744615487,599000,3,3,4,4,1.889,2,0,0.01 | 0.01 | 0.02,0,1.69 | 1.71 | 1.73,0,1.16 | 1.17 | 1.18,744.960,0.000,0,1,0,0,0,0,0,0,2,0,,0,,0,,0,0,0,1
1744615487,599000,3,3,4,4,1.889,2,0,0.01 | 0.01 | 0.02,0,1.69 | 1.71 | 1.73,0,1.16 | 1.17 | 1.18,744.960,0.000,0,1,0,0,0,0,0,0,2,0,,0,,0,,0,0,0,1
1744615487,599000,3,3,4,4,1.889,2,0,0.01 | 0.01 | 0.02,0,1.69 | 1.71 | 1.73,0,1.16 | 1.17 | 1.18,744.960,0.000,0,1,0,0,0,0,0,0,2,0,,0,,0,,0,0,0,1
1744615488,599000,3,3,4,4,1.889,2,0,0.01 | 0.01 | 0.02,0,1.69 | 1.71 | 1.73,0,1.16 | 1.17 | 1.18,744.960,0.000,0,1,0,0,0,0,0,0,2,0,,0,,0,,0,0,0,1
1744615488,599000,3,3,4,4,1.889,2,0,0.01 | 0.01 | 0.02,0,1.69 | 1.71 | 1.73,0,1.16 | 1.17 | 1.18,744.960,0.000,0,1,0,0,0,0,0,0,2,0,,0,,0,,0,0,0,1
1744615488,599000,3,3,4,4,1.889,2,0,0.01 | 0.01 | 0.02,0,1.69 | 1.71 | 1.73,0,1.16 | 1.17 | 1.18,744.960,0.000,0,1,0,0,0,0,0,0,2,0,,0,,0,,0,0,0,1
1744615488,599000,3,3,4,4,1.889,2,0,0.01 | 0.01 | 0.02,0,1.69 | 1.71 | 1.73,0,1.16 | 1.17 | 1.18,744.960,0.000,0,1,0,0,0,0,0,0,2,0,,0,,0,,0,0,0,1
1744615488,599000,3,3,4,4,1.889,2,0,0.01 | 0.01 | 0.02,0,1.69 | 1.71 | 1.73,0,1.16 | 1.17 | 1.18,744.960,0.000,0,1,0,0,0,0,0,0,2,0,,0,,0,,0,0,0,1
1744615488,599000,3,3,4,4,1.889,2,0,0.01 | 0.01 | 0.02,0,1.69 | 1.71 | 1.73,0,1.16 | 1.17 | 1.18,744.960,0.000,0,1,0,0,0,0,0,0,2,0,,0,,0,,0,0,0,1
1744615488,599000,3,3,4,4,2.951,2,0,0.01 | 0.01 | 0.02,0,1.70 | 1.72 | 1.74,0,1.15 | 1.16 | 1.18,747.702,0.000,0,1,0,0,0,0,0,0,2,0,,0,,0,,0,0,0,1
1744615488,599000,3,3,4,4,2.951,2,0,0.01 | 0.01 | 0.02,0,1.70 | 1.72 | 1.74,0,1.15 | 1.16 | 1.18,747.702,0.000,0,1,0,0,0,0,0,0,2,0,,0,,0,,0,0,0,1
1744615488,599000,3,3,4,4,2.951,2,0,0.01 | 0.01 | 0.02,0,1.70 | 1.72 | 1.74,0,1.15 | 1.16 | 1.18,747.702,0.000,0,1,0,0,0,0,0,0,2,0,,0,,0,,0,0,0,1
1744615488,599000,3,3,4,4,2.951,2,0,0.01 | 0.01 | 0.02,0,1.70 | 1.72 | 1.74,0,1.15 | 1.16 | 1.18,747.702,0.000,0,1,0,0,0,0,0,0,2,0,,0,,0,,0,0,0,1
1744615489,599000,3,3,4,4,2.951,2,0,0.01 | 0.01 | 0.02,0,1.70 | 1.72 | 1.74,0,1.15 | 1.16 | 1.18,747.702,0.000,0,1,0,0,0,0,0,0,2,0,,0,,0,,0,0,0,1
1744615489,599000,3,3,4,4,2.951,2,0,0.01 | 0.01 | 0.02,0,1.70 | 1.72 | 1.74,0,1.15 | 1.16 | 1.18,747.702,0.000,0,1,0,0,0,0,0,0,2,0,,0,,0,,0,0,0,1
1744615489,599000,3,3,4,4,2.951,2,0,0.01 | 0.01 | 0.02,0,1.70 | 1.72 | 1.74,0,1.15 | 1.16 | 1.18,747.702,0.000,0,1,0,0,0,0,0,0,2,0,,0,,0,,0,0,0,1
1744615489,599000,3,3,4,4,2.951,2,0,0.01 | 0.01 | 0.02,0,1.70 | 1.72 | 1.74,0,1.15 | 1.16 | 1.18,747.702,0.000,0,1,0,0,0,0,0,0,2,0,,0,,0,,0,0,0,1
1744615489,599000,3,3,4,4,2.951,2,0,0.01 | 0.01 | 0.02,0,1.70 | 1.72 | 1.74,0,1.15 | 1.16 | 1.18,747.702,0.000,0,1,0,0,0,0,0,0,2,0,,0,,0,,0,0,0,1
1744615489,599000,3,3,4,4,2.951,2,0,0.01 | 0.01 | 0.02,0,1.70 | 1.72 | 1.74,0,1.15 | 1.16 | 1.18,747.702,0.000,0,1,0,0,0,0,0,0,2,0,,0,,0,,0,0,0,1
1744615489,599000,3,3,4,4,1.983,2,0,0.01 | 0.01 | 0.02,0,1.70 | 1.72 | 1.74,0,1.15 | 1.16 | 1.18,747.702,0.000,0,1,0,0,0,0,0,0,2,0,,0,,0,,0,0,0,1
1744615489,599000,3,3,4,4,1.983,2,0,0.01 | 0.01 | 0.02,0,1.70 | 1.72 | 1.74,0,1.15 | 1.16 | 1.18,747.702,0.000,0,1,0,0,0,0,0,0,2,0,,0,,0,,0,0,0,1
1744615489,599000,3,3,4,4,1.983,2,0,0.01 | 0.01 | 0.02,0,1.70 | 1.72 | 1.74,0,1.15 | 1.16 | 1.18,747.702,0.000,0,1,0,0,0,0,0,0,2,0,,0,,0,,0,0,0,1
1744615490,599000,3,3,4,4,1.983,2,0,0.01 | 0.01 | 0.02,0,1.70 | 1.72 | 1.74,0,1.15 | 1.16 | 1.18,747.702,0.000,0,1,0,0,0,0,0,0,2,0,,0,,0,,0,0,0,1
1744615490,599000,3,3,4,4,1.983,2,0,0.01 | 0.01 | 0.02,0,1.70 | 1.72 | 1.74,0,1.15 | 1.16 | 1.18,747.702,0.000,0,1,0,0,0,0,0,0,2,0,,0,,0,,0,0,0,1
1744615490,599000,3,3,4,4,1.983,2,0,0.01 | 0.01 | 0.02,0,1.70 | 1.72 | 1.74,0,1.15 | 1.16 | 1.18,747.702,0.000,0,1,0,0,0,0,0,0,2,0,,0,,0,,0,0,0,1
1744615490,599000,3,3,4,4,1.983,2,0,0.01 | 0.01 | 0.02,0,1.70 | 1.72 | 1.74,0,1.15 | 1.16 | 1.18,747.702,0.000,0,1,0,0,0,0,0,0,2,0,,0,,0,,0,0,0,1
1744615490,599000,3,3,4,4,1.983,2,0,0.01 | 0.01 | 0.02,0,1.70 | 1.72 | 1.74,0,1.15 | 1.16 | 1.18,747.702,0.000,0,1,0,0,0,0,0,0,2,0,,0,,0,,0,0,0,1
1744615490,599000,3,3,4,4,1.983,2,0,0.01 | 0.01 | 0.02,0,1.70 | 1.72 | 1.74,0,1.15 | 1.16 | 1.18,747.702,0.000,0,1,0,0,0,0,0,0,2,0,,0,,0,,0,0,0,1
1744615490,599000,3,3,4,4,3.061,2,0,0.01 | 0.01 | 0.02,0,1.70 | 1.75 | 1.82,0,1.10 | 1.14 | 1.18,739.894,0.000,0,1,0,0,0,0,0,0,2,0,,0,,0,,0,0,0,1
1744615490,599000,3,3,4,4,3.061,2,0,0.01 | 0.01 | 0.02,0,1.70 | 1.75 | 1.82,0,1.10 | 1.14 | 1.18,739.894,0.000,0,1,0,0,0,0,0,0,2,0,,0,,0,,0,0,0,1
1744615490,599000,3,3,4,4,3.061,2,0,0.01 | 0.01 | 0.02,0,1.70 | 1.75 | 1.82,0,1.10 | 1.14 | 1.18,739.894,0.000,0,1,0,0,0,0,0,0,2,0,,0,,0,,0,0,0,1
1744615490,599000,3,3,4,4,3.061,2,0,0.01 | 0.01 | 0.02,0,1.70 | 1.75 | 1.82,0,1.10 | 1.14 | 1.18,739.894,0.000,0,1,0,0,0,0,0,0,2,0,,0,,0,,0,0,0,1
1744615491,599000,3,3,4,4,3.061,2,0,0.01 | 0.01 | 0.02,0,1.70 | 1.75 | 1.82,0,1.10 | 1.14 | 1.18,739.894,0.000,0,1,0,0,0,0,0,0,2,0,,0,,0,,0,0,0,1
1744615491,599000,3,3,4,4,3.061,2,0,0.01 | 0.01 | 0.02,0,1.70 | 1.75 | 1.82,0,1.10 | 1.14 | 1.18,739.894,0.000,0,1,0,0,0,0,0,0,2,0,,0,,0,,0,0,0,1
1744615491,599000,3,3,4,4,3.061,2,0,0.01 | 0.01 | 0.02,0,1.70 | 1.75 | 1.82,0,1.10 | 1.14 | 1.18,739.894,0.000,0,1,0,0,0,0,0,0,2,0,,0,,0,,0,0,0,1
1744615491,599000,3,3,4,4,3.061,2,0,0.01 | 0.01 | 0.02,0,1.70 | 1.75 | 1.82,0,1.10 | 1.14 | 1.18,739.894,0.000,0,1,0,0,0,0,0,0,2,0,,0,,0,,0,0,0,1
1744615491,599000,3,3,4,4,3.061,2,0,0.01 | 0.01 | 0.02,0,1.70 | 1.75 | 1.82,0,1.10 | 1.14 | 1.18,739.894,0.000,0,1,0,0,0,0,0,0,2,0,,0,,0,,0,0,0,1
1744615491,599000,3,3,4,4,3.061,2,0,0.01 | 0.01 | 0.02,0,1.70 | 1.75 | 1.82,0,1.10 | 1.14 | 1.18,739.894,0.000,0,1,0,0,0,0,0,0,2,0,,0,,0,,0,0,0,1
1744615491,599000,3,3,4,4,1.998,2,0,0.01 | 0.01 | 0.02,0,1.70 | 1.75 | 1.82,0,1.10 | 1.14 | 1.18,739.894,0.000,0,1,0,0,0,0,0,0,2,0,,0,,0,,0,0,0,1
1744615491,599000,3,3,4,4,1.998,2,0,0.01 | 0.01 | 0.02,0,1.70 | 1.75 | 1.82,0,1.10 | 1.14 | 1.18,739.894,0.000,0,1,0,0,0,0,0,0,2,0,,0,,0,,0,0,0,1
1744615491,599000,3,3,4,4,1.998,2,0,0.01 | 0.01 | 0.02,0,1.70 | 1.75 | 1.82,0,1.10 | 1.14 | 1.18,739.894,0.000,0,1,0,0,0,0,0,0,2,0,,0,,0,,0,0,0,1
1744615491,599000,3,3,4,4,1.998,2,0,0.01 | 0.01 | 0.02,0,1.70 | 1.75 | 1.82,0,1.10 | 1.14 | 1.18,739.894,0.000,0,1,0,0,0,0,0,0,2,0,,0,,0,,0,0,0,1
1744615492,599000,3,3,4,4,1.998,2,0,0.01 | 0.01 | 0.02,0,1.70 | 1.75 | 1.82,0,1.10 | 1.14 | 1.18,739.894,0.000,0,1,0,0,0,0,0,0,2,0,,0,,0,,0,0,0,1
1744615492,599000,3,3,4,4,1.998,2,0,0.01 | 0.01 | 0.02,0,1.70 | 1.75 | 1.82,0,1.10 | 1.14 | 1.18,739.894,0.000,0,1,0,0,0,0,0,0,2,0,,0,,0,,0,0,0,1
1744615492,599000,3,3,4,4,1.998,2,0,0.01 | 0.01 | 0.02,0,1.70 | 1.75 | 1.82,0,1.10 | 1.14 | 1.18,739.894,0.000,0,1,0,0,0,0,0,0,2,0,,0,,0,,0,0,0,1
1744615492,599000,3,3,4,4,1.998,2,0,0.01 | 0.01 | 0.02,0,1.70 | 1.75 | 1.82,0,1.10 | 1.14 | 1.18,739.894,0.000,0,1,0,0,0,0,0,0,2,0,,0,,0,,0,0,0,1
1744615492,599000,3,3,4,4,1.998,2,0,0.01 | 0.01 | 0.02,0,1.70 | 1.75 | 1.82,0,1.10 | 1.14 | 1.18,739.894,0.000,0,1,0,0,0,0,0,0,2,0,,0,,0,,0,0,0,1
1744615492,599000,3,3,4,4,2.858,2,0,0.01 | 0.01 | 0.02,0,1.73 | 1.80 | 1.92,0,1.04 | 1.11 | 1.16,712.864,0.000,0,1,0,0,0,0,0,0,2,0,,0,,0,,0,0,0,1
1744615492,599000,3,3,4,4,2.858,2,0,0.01 | 0.01 | 0.02,0,1.73 | 1.80 | 1.92,0,1.04 | 1.11 | 1.16,712.864,0.000,0,1,0,0,0,0,0,0,2,0,,0,,0,,0,0,0,1
1744615492,599000,3,3,4,4,2.858,2,0,0.01 | 0.01 | 0.02,0,1.73 | 1.80 | 1.92,0,1.04 | 1.11 | 1.16,712.864,0.000,0,1,0,0,0,0,0,0,2,0,,0,,0,,0,0,0,1
1744615492,599000,3,3,4,4,2.858,2,0,0.01 | 0.01 | 0.02,0,1.73 | 1.80 | 1.92,0,1.04 | 1.11 | 1.16,712.864,0.000,0,1,0,0,0,0,0,0,2,0,,0,,0,,0,0,0,1
1744615493,599000,3,3,4,4,2.858,2,0,0.01 | 0.01 | 0.02,0,1.73 | 1.80 | 1.92,0,1.04 | 1.11 | 1.16,712.864,0.000,0,1,0,0,0,0,0,0,2,0,,0,,0,,0,0,0,1
1744615493,599000,3,3,4,4,2.858,2,0,0.01 | 0.01 | 0.02,0,1.73 | 1.80 | 1.92,0,1.04 | 1.11 | 1.16,712.864,0.000,0,1,0,0,0,0,0,0,2,0,,0,,0,,0,0,0,1
1744615493,599000,3,3,4,4,2.858,2,0,0.01 | 0.01 | 0.02,0,1.73 | 1.80 | 1.92,0,1.04 | 1.11 | 1.16,712.864,0.000,0,1,0,0,0,0,0,0,2,0,,0,,0,,0,0,0,1
1744615493,599000,3,3,4,4,2.858,2,0,0.01 | 0.01 | 0.02,0,1.73 | 1.80 | 1.92,0,1.04 | 1.11 | 1.16,712.864,0.000,0,1,0,0,0,0,0,0,2,0,,0,,0,,0,0,0,1
1744615493,599000,3,3,4,4,2.858,2,0,0.01 | 0.01 | 0.02,0,1.73 | 1.80 | 1.92,0,1.04 | 1.11 | 1.16,712.864,0.000,0,1,0,0,0,0,0,0,2,0,,0,,0,,0,0,0,1
1744615493,599000,3,3,4,4,2.858,2,0,0.01 | 0.01 | 0.02,0,1.73 | 1.80 | 1.92,0,1.04 | 1.11 | 1.16,712.864,0.000,0,1,0,0,0,0,0,0,2,0,,0,,0,,0,0,0,1
1744615493,599000,3,3,4,4,1.87,2,0,0.01 | 0.01 | 0.02,0,1.73 | 1.80 | 1.92,0,1.04 | 1.11 | 1.16,712.864,0.000,0,1,0,0,0,0,0,0,2,0,,0,,0,,0,0,0,1
1744615493,599000,3,3,4,4,1.87,2,0,0.01 | 0.01 | 0.02,0,1.73 | 1.80 | 1.92,0,1.04 | 1.11 | 1.16,712.864,0.000,0,1,0,0,0,0,0,0,2,0,,0,,0,,0,0,0,1
1744615493,599000,3,3,4,4,1.87,2,0,0.01 | 0.01 | 0.02,0,1.73 | 1.80 | 1.92,0,1.04 | 1.11 | 1.16,712.864,0.000,0,1,0,0,0,0,0,0,2,0,,0,,0,,0,0,0,1
1744615493,599000,3,3,4,4,1.87,2,0,0.01 | 0.01 | 0.02,0,1.73 | 1.80 | 1.92,0,1.04 | 1.11 | 1.16,712.864,0.000,0,1,0,0,0,0,0,0,2,0,,0,,0,,0,0,0,1
1744615494,599000,3,3,4,4,1.87,2,0,0.01 | 0.01 | 0.02,0,1.73 | 1.80 | 1.92,0,1.04 | 1.11 | 1.16,712.864,0.000,0,1,0,0,0,0,0,0,2,0,,0,,0,,0,0,0,1
1744615494,599000,3,3,4,4,1.87,2,0,0.01 | 0.01 | 0.02,0,1.73 | 1.80 | 1.92,0,1.04 | 1.11 | 1.16,712.864,0.000,0,1,0,0,0,0,0,0,2,0,,0,,0,,0,0,0,1
1744615494,599000,3,3,4,4,1.87,2,0,0.01 | 0.01 | 0.02,0,1.73 | 1.80 | 1.92,0,1.04 | 1.11 | 1.16,712.864,0.000,0,1,0,0,0,0,0,0,2,0,,0,,0,,0,0,0,1
1744615494,599000,3,3,4,4,1.87,2,0,0.01 | 0.01 | 0.02,0,1.73 | 1.80 | 1.92,0,1.04 | 1.11 | 1.16,712.864,0.000,0,1,0,0,0,0,0,0,2,0,,0,,0,,0,0,0,1
1744615494,599000,3,3,4,4,1.87,2,0,0.01 | 0.01 | 0.02,0,1.73 | 1.80 | 1.92,0,1.04 | 1.11 | 1.16,712.864,0.000,0,1,0,0,0,0,0,0,2,0,,0,,0,,0,0,0,1
1744615494,599000,3,3,4,4,1.87,2,0,0.01 | 0.01 | 0.02,0,1.73 | 1.80 | 1.92,0,1.04 | 1.11 | 1.16,712.864,0.000,0,1,0,0,0,0,0,0,2,0,,0,,0,,0,0,0,1
1744615494,599000,3,3,4,4,3.008,2,0,0.01 | 0.01 | 0.02,0,1.74 | 1.85 | 1.92,0,1.04 | 1.08 | 1.15,697.093,0.000,0,1,0,0,0,0,0,0,2,0,,0,,0,,0,0,0,1
1744615494,599000,3,3,4,4,3.008,2,0,0.01 | 0.01 | 0.02,0,1.74 | 1.85 | 1.92,0,1.04 | 1.08 | 1.15,697.093,0.000,0,1,0,0,0,0,0,0,2,0,,0,,0,,0,0,0,1
1744615494,599000,3,3,4,4,3.008,2,0,0.01 | 0.01 | 0.02,0,1.74 | 1.85 | 1.92,0,1.04 | 1.08 | 1.15,697.093,0.000,0,1,0,0,0,0,0,0,2,0,,0,,0,,0,0,0,1
1744615494,599000,3,3,4,4,3.008,2,0,0.01 | 0.01 | 0.02,0,1.74 | 1.85 | 1.92,0,1.04 | 1.08 | 1.15,697.093,0.000,0,1,0,0,0,0,0,0,2,0,,0,,0,,0,0,0,1
1744615495,599000,3,3,4,4,3.008,2,0,0.01 | 0.01 | 0.02,0,1.74 | 1.85 | 1.92,0,1.04 | 1.08 | 1.15,697.093,0.000,0,1,0,0,0,0,0,0,2,0,,0,,0,,0,0,0,1
1744615495,599000,3,3,4,4,3.008,2,0,0.01 | 0.01 | 0.02,0,1.74 | 1.85 | 1.92,0,1.04 | 1.08 | 1.15,697.093,0.000,0,1,0,0,0,0,0,0,2,0,,0,,0,,0,0,0,1
1744615495,599000,3,3,4,4,3.008,2,0,0.01 | 0.01 | 0.02,0,1.74 | 1.85 | 1.92,0,1.04 | 1.08 | 1.15,697.093,0.000,0,1,0,0,0,0,0,0,2,0,,0,,0,,0,0,0,1
1744615495,599000,3,3,4,4,3.008,2,0,0.01 | 0.01 | 0.02,0,1.74 | 1.85 | 1.92,0,1.04 | 1.08 | 1.15,697.093,0.000,0,1,0,0,0,0,0,0,2,0,,0,,0,,0,0,0,1
1744615495,599000,3,3,4,4,3.008,2,0,0.01 | 0.01 | 0.02,0,1.74 | 1.85 | 1.92,0,1.04 | 1.08 | 1.15,697.093,0.000,0,1,0,0,0,0,0,0,2,0,,0,,0,,0,0,0,1
1744615495,599000,3,3,4,4,3.008,2,0,0.01 | 0.01 | 0.02,0,1.74 | 1.85 | 1.92,0,1.04 | 1.08 | 1.15,697.093,0.000,0,1,0,0,0,0,0,0,2,0,,0,,0,,0,0,0,1
1744615495,599000,3,3,4,4,1.967,2,0,0.01 | 0.01 | 0.02,0,1.74 | 1.85 | 1.92,0,1.04 | 1.08 | 1.15,697.093,0.000,0,1,0,0,0,0,0,0,2,0,,0,,0,,0,0,0,1
1744615495,599000,3,3,4,4,1.967,2,0,0.01 | 0.01 | 0.02,0,1.74 | 1.85 | 1.92,0,1.04 | 1.08 | 1.15,697.093,0.000,0,1,0,0,0,0,0,0,2,0,,0,,0,,0,0,0,1
1744615495,599000,3,3,4,4,1.967,2,0,0.01 | 0.01 | 0.02,0,1.74 | 1.85 | 1.92,0,1.04 | 1.08 | 1.15,697.093,0.000,0,1,0,0,0,0,0,0,2,0,,0,,0,,0,0,0,1
1744615495,599000,3,3,4,4,1.967,2,0,0.01 | 0.01 | 0.02,0,1.74 | 1.85 | 1.92,0,1.04 | 1.08 | 1.15,697.093,0.000,0,1,0,0,0,0,0,0,2,0,,0,,0,,0,0,0,1
1744615496,599000,3,3,4,4,1.967,2,0,0.01 | 0.01 | 0.02,0,1.74 | 1.85 | 1.92,0,1.04 | 1.08 | 1.15,697.093,0.000,0,1,0,0,0,0,0,0,2,0,,0,,0,,0,0,0,1
1744615496,599000,3,3,4,4,1.967,2,0,0.01 | 0.01 | 0.02,0,1.74 | 1.85 | 1.92,0,1.04 | 1.08 | 1.15,697.093,0.000,0,1,0,0,0,0,0,0,2,0,,0,,0,,0,0,0,1
1744615496,599000,3,3,4,4,1.967,2,0,0.01 | 0.01 | 0.02,0,1.74 | 1.85 | 1.92,0,1.04 | 1.08 | 1.15,697.093,0.000,0,1,0,0,0,0,0,0,2,0,,0,,0,,0,0,0,1
1744615496,599000,3,3,4,4,1.967,2,0,0.01 | 0.01 | 0.02,0,1.74 | 1.85 | 1.92,0,1.04 | 1.08 | 1.15,697.093,0.000,0,1,0,0,0,0,0,0,2,0,,0,,0,,0,0,0,1
1744615496,599000,3,3,4,4,1.967,2,0,0.01 | 0.01 | 0.02,0,1.74 | 1.85 | 1.92,0,1.04 | 1.08 | 1.15,697.093,0.000,0,1,0,0,0,0,0,0,2,0,,0,,0,,0,0,0,1
1744615496,599000,3,3,4,4,1.967,2,0,0.01 | 0.01 | 0.02,0,1.74 | 1.85 | 1.92,0,1.04 | 1.08 | 1.15,697.093,0.000,0,1,0,0,0,0,0,0,2,0,,0,,0,,0,0,0,1
1744615496,599000,3,3,4,4,2.858,2,0,0.01 | 0.01 | 0.02,0,1.82 | 1.90 | 1.93,0,1.04 | 1.05 | 1.10,685.227,0.000,0,1,0,0,0,0,0,0,2,0,,0,,0,,0,0,0,1
1744615496,599000,3,3,4,4,2.858,2,0,0.01 | 0.01 | 0.02,0,1.82 | 1.90 | 1.93,0,1.04 | 1.05 | 1.10,685.227,0.000,0,1,0,0,0,0,0,0,2,0,,0,,0,,0,0,0,1
1744615496,599000,3,3,4,4,2.858,2,0,0.01 | 0.01 | 0.02,0,1.82 | 1.90 | 1.93,0,1.04 | 1.05 | 1.10,685.227,0.000,0,1,0,0,0,0,0,0,2,0,,0,,0,,0,0,0,1
1744615496,599000,3,3,4,4,2.858,2,0,0.01 | 0.01 | 0.02,0,1.82 | 1.90 | 1.93,0,1.04 | 1.05 | 1.10,685.227,0.000,0,1,0,0,0,0,0,0,2,0,,0,,0,,0,0,0,1
1744615497,599000,3,3,4,4,2.858,2,0,0.01 | 0.01 | 0.02,0,1.82 | 1.90 | 1.93,0,1.04 | 1.05 | 1.10,685.227,0.000,0,1,0,0,0,0,0,0,2,0,,0,,0,,0,0,0,1
1744615497,599000,3,3,4,4,2.858,2,0,0.01 | 0.01 | 0.02,0,1.82 | 1.90 | 1.93,0,1.04 | 1.05 | 1.10,685.227,0.000,0,1,0,0,0,0,0,0,2,0,,0,,0,,0,0,0,1
1744615497,599000,3,3,4,4,2.858,2,0,0.01 | 0.01 | 0.02,0,1.82 | 1.90 | 1.93,0,1.04 | 1.05 | 1.10,685.227,0.000,0,1,0,0,0,0,0,0,2,0,,0,,0,,0,0,0,1
1744615497,599000,3,3,4,4,2.858,2,0,0.01 | 0.01 | 0.02,0,1.82 | 1.90 | 1.93,0,1.04 | 1.05 | 1.10,685.227,0.000,0,1,0,0,0,0,0,0,2,0,,0,,0,,0,0,0,1
1744615497,599000,3,3,4,4,2.858,2,0,0.01 | 0.01 | 0.02,0,1.82 | 1.90 | 1.93,0,1.04 | 1.05 | 1.10,685.227,0.000,0,1,0,0,0,0,0,0,2,0,,0,,0,,0,0,0,1
1744615497,599000,3,3,4,4,2.858,2,0,0.01 | 0.01 | 0.02,0,1.82 | 1.90 | 1.93,0,1.04 | 1.05 | 1.10,685.227,0.000,0,1,0,0,0,0,0,0,2,0,,0,,0,,0,0,0,1
1744615497,599000,3,3,4,4,1.998,2,0,0.01 | 0.01 | 0.02,0,1.82 | 1.90 | 1.93,0,1.04 | 1.05 | 1.10,685.227,0.000,0,1,0,0,0,0,0,0,2,0,,0,,0,,0,0,0,1
1744615497,599000,3,3,4,4,1.998,2,0,0.01 | 0.01 | 0.02,0,1.82 | 1.90 | 1.93,0,1.04 | 1.05 | 1.10,685.227,0.000,0,1,0,0,0,0,0,0,2,0,,0,,0,,0,0,0,1
1744615497,599000,3,3,4,4,1.998,2,0,0.01 | 0.01 | 0.02,0,1.82 | 1.90 | 1.93,0,1.04 | 1.05 | 1.10,685.227,0.000,0,1,0,0,0,0,0,0,2,0,,0,,0,,0,0,0,1
1744615497,599000,3,3,4,4,1.998,2,0,0.01 | 0.01 | 0.02,0,1.82 | 1.90 | 1.93,0,1.04 | 1.05 | 1.10,685.227,0.000,0,1,0,0,0,0,0,0,2,0,,0,,0,,0,0,0,1
1744615498,599000,3,3,4,4,1.998,2,0,0.01 | 0.01 | 0.02,0,1.82 | 1.90 | 1.93,0,1.04 | 1.05 | 1.10,685.227,0.000,0,1,0,0,0,0,0,0,2,0,,0,,0,,0,0,0,1
1744615498,599000,3,3,4,4,1.998,2,0,0.01 | 0.01 | 0.02,0,1.82 | 1.90 | 1.93,0,1.04 | 1.05 | 1.10,685.227,0.000,0,1,0,0,0,0,0,0,2,0,,0,,0,,0,0,0,1
1744615498,599000,3,3,4,4,1.998,2,0,0.01 | 0.01 | 0.02,0,1.82 | 1.90 | 1.93,0,1.04 | 1.05 | 1.10,685.227,0.000,0,1,0,0,0,0,0,0,2,0,,0,,0,,0,0,0,1
1744615498,599000,3,3,4,4,1.998,2,0,0.01 | 0.01 | 0.02,0,1.82 | 1.90 | 1.93,0,1.04 | 1.05 | 1.10,685.227,0.000,0,1,0,0,0,0,0,0,2,0,,0,,0,,0,0,0,1
1744615498,599000,3,3,4,4,1.998,2,0,0.01 | 0.01 | 0.02,0,1.82 | 1.90 | 1.93,0,1.04 | 1.05 | 1.10,685.227,0.000,0,1,0,0,0,0,0,0,2,0,,0,,0,,0,0,0,1
1744615498,599000,3,3,4,4,2.888,2,0,0.01 | 0.01 | 0.02,0,1.86 | 1.91 | 1.93,0,1.04 | 1.05 | 1.08,692.241,0.000,0,1,0,0,0,0,0,0,2,0,,0,,0,,0,0,0,1
1744615498,599000,3,3,4,4,2.888,2,0,0.01 | 0.01 | 0.02,0,1.86 | 1.91 | 1.93,0,1.04 | 1.05 | 1.08,692.241,0.000,0,1,0,0,0,0,0,0,2,0,,0,,0,,0,0,0,1
1744615498,599000,3,3,4,4,2.888,2,0,0.01 | 0.01 | 0.02,0,1.86 | 1.91 | 1.93,0,1.04 | 1.05 | 1.08,692.241,0.000,0,1,0,0,0,0,0,0,2,0,,0,,0,,0,0,0,1
1744615498,599000,3,3,4,4,2.888,2,0,0.01 | 0.01 | 0.02,0,1.86 | 1.91 | 1.93,0,1.04 | 1.05 | 1.08,692.241,0.000,0,1,0,0,0,0,0,0,2,0,,0,,0,,0,0,0,1
1744615499,599000,3,3,4,4,2.888,2,0,0.01 | 0.01 | 0.02,0,1.86 | 1.91 | 1.93,0,1.04 | 1.05 | 1.08,692.241,0.000,0,1,0,0,0,0,0,0,2,0,,0,,0,,0,0,0,1
1744615499,599000,3,3,4,4,2.888,2,0,0.01 | 0.01 | 0.02,0,1.86 | 1.91 | 1.93,0,1.04 | 1.05 | 1.08,692.241,0.000,0,1,0,0,0,0,0,0,2,0,,0,,0,,0,0,0,1
1744615499,599000,3,3,4,4,2.888,2,0,0.01 | 0.01 | 0.02,0,1.86 | 1.91 | 1.93,0,1.04 | 1.05 | 1.08,692.241,0.000,0,1,0,0,0,0,0,0,2,0,,0,,0,,0,0,0,1
1744615499,599000,3,3,4,4,2.888,2,0,0.01 | 0.01 | 0.02,0,1.86 | 1.91 | 1.93,0,1.04 | 1.05 | 1.08,692.241,0.000,0,1,0,0,0,0,0,0,2,0,,0,,0,,0,0,0,1
1744615499,599000,3,3,4,4,2.888,2,0,0.01 | 0.01 | 0.02,0,1.86 | 1.91 | 1.93,0,1.04 | 1.05 | 1.08,692.241,0.000,0,1,0,0,0,0,0,0,2,0,,0,,0,,0,0,0,1
1744615499,599000,3,3,4,4,2.888,2,0,0.01 | 0.01 | 0.02,0,1.86 | 1.91 | 1.93,0,1.04 | 1.05 | 1.08,692.241,0.000,0,1,0,0,0,0,0,0,2,0,,0,,0,,0,0,0,1
1744615499,599000,3,3,4,4,1.873,2,0,0.01 | 0.01 | 0.02,0,1.86 | 1.91 | 1.93,0,1.04 | 1.05 | 1.08,692.241,0.000,0,1,0,0,0,0,0,0,2,0,,0,,0,,0,0,0,1
1744615499,599000,3,3,4,4,1.873,2,0,0.01 | 0.01 | 0.02,0,1.86 | 1.91 | 1.93,0,1.04 | 1.05 | 1.08,692.241,0.000,0,1,0,0,0,0,0,0,2,0,,0,,0,,0,0,0,1
1744615499,599000,3,3,4,4,1.873,2,0,0.01 | 0.01 | 0.02,0,1.86 | 1.91 | 1.93,0,1.04 | 1.05 | 1.08,692.241,0.000,0,1,0,0,0,0,0,0,2,0,,0,,0,,0,0,0,1
1744615499,599000,3,3,4,4,1.873,2,0,0.01 | 0.01 | 0.02,0,1.86 | 1.91 | 1.93,0,1.04 | 1.05 | 1.08,692.241,0.000,0,1,0,0,0,0,0,0,2,0,,0,,0,,0,0,0,1
1744615500,599000,3,3,4,4,1.873,2,0,0.01 | 0.01 | 0.02,0,1.86 | 1.91 | 1.93,0,1.04 | 1.05 | 1.08,692.241,0.000,0,1,0,0,0,0,0,0,2,0,,0,,0,,0,0,0,1
1744615500,599000,3,3,4,4,1.873,2,0,0.01 | 0.01 | 0.02,0,1.86 | 1.91 | 1.93,0,1.04 | 1.05 | 1.08,692.241,0.000,0,1,0,0,0,0,0,0,2,0,,0,,0,,0,0,0,1
1744615500,599000,3,3,4,4,1.873,2,0,0.01 | 0.01 | 0.02,0,1.86 | 1.91 | 1.93,0,1.04 | 1.05 | 1.08,692.241,0.000,0,1,0,0,0,0,0,0,2,0,,0,,0,,0,0,0,1
1744615500,599000,3,3,4,4,1.873,2,0,0.01 | 0.01 | 0.02,0,1.86 | 1.91 | 1.93,0,1.04 | 1.05 | 1.08,692.241,0.000,0,1,0,0,0,0,0,0,2,0,,0,,0,,0,0,0,1
1744615500,599000,3,3,4,4,1.873,2,0,0.01 | 0.01 | 0.02,0,1.86 | 1.91 | 1.93,0,1.04 | 1.05 | 1.08,692.241,0.000,0,1,0,0,0,0,0,0,2,0,,0,,0,,0,0,0,1
1744615500,599000,3,3,4,4,2.858,2,0,0.01 | 0.01 | 0.01,0,1.85 | 1.89 | 1.93,0,1.04 | 1.06 | 1.08,697.814,0.000,0,1,0,0,0,0,0,0,2,0,,0,,0,,0,0,0,1
1744615500,599000,3,3,4,4,2.858,2,0,0.01 | 0.01 | 0.01,0,1.85 | 1.89 | 1.93,0,1.04 | 1.06 | 1.08,697.814,0.000,0,1,0,0,0,0,0,0,2,0,,0,,0,,0,0,0,1
1744615500,599000,3,3,4,4,2.858,2,0,0.01 | 0.01 | 0.01,0,1.85 | 1.89 | 1.93,0,1.04 | 1.06 | 1.08,697.814,0.000,0,1,0,0,0,0,0,0,2,0,,0,,0,,0,0,0,1
1744615500,599000,3,3,4,4,2.858,2,0,0.01 | 0.01 | 0.01,0,1.85 | 1.89 | 1.93,0,1.04 | 1.06 | 1.08,697.814,0.000,0,1,0,0,0,0,0,0,2,0,,0,,0,,0,0,0,1
1744615501,599000,3,3,4,4,2.858,2,0,0.01 | 0.01 | 0.01,0,1.85 | 1.89 | 1.93,0,1.04 | 1.06 | 1.08,697.814,0.000,0,1,0,0,0,0,0,0,2,0,,0,,0,,0,0,0,1
1744615501,599000,3,3,4,4,2.858,2,0,0.01 | 0.01 | 0.01,0,1.85 | 1.89 | 1.93,0,1.04 | 1.06 | 1.08,697.814,0.000,0,1,0,0,0,0,0,0,2,0,,0,,0,,0,0,0,1
1744615501,599000,3,3,4,4,2.858,2,0,0.01 | 0.01 | 0.01,0,1.85 | 1.89 | 1.93,0,1.04 | 1.06 | 1.08,697.814,0.000,0,1,0,0,0,0,0,0,2,0,,0,,0,,0,0,0,1
1744615501,599000,3,3,4,4,2.858,2,0,0.01 | 0.01 | 0.01,0,1.85 | 1.89 | 1.93,0,1.04 | 1.06 | 1.08,697.814,0.000,0,1,0,0,0,0,0,0,2,0,,0,,0,,0,0,0,1
1744615501,599000,3,3,4,4,2.858,2,0,0.01 | 0.01 | 0.01,0,1.85 | 1.89 | 1.93,0,1.04 | 1.06 | 1.08,697.814,0.000,0,1,0,0,0,0,0,0,2,0,,0,,0,,0,0,0,1
1744615501,599000,3,3,4,4,2.858,2,0,0.01 | 0.01 | 0.01,0,1.85 | 1.89 | 1.93,0,1.04 | 1.06 | 1.08,697.814,0.000,0,1,0,0,0,0,0,0,2,0,,0,,0,,0,0,0,1
1744615501,599000,3,3,4,4,1.951,2,0,0.01 | 0.01 | 0.01,0,1.85 | 1.89 | 1.93,0,1.04 | 1.06 | 1.08,697.814,0.000,0,1,0,0,0,0,0,0,2,0,,0,,0,,0,0,0,1
1744615501,599000,3,3,4,4,1.951,2,0,0.01 | 0.01 | 0.01,0,1.85 | 1.89 | 1.93,0,1.04 | 1.06 | 1.08,697.814,0.000,0,1,0,0,0,0,0,0,2,0,,0,,0,,0,0,0,1
1744615501,599000,3,3,4,4,1.951,2,0,0.01 | 0.01 | 0.01,0,1.85 | 1.89 | 1.93,0,1.04 | 1.06 | 1.08,697.814,0.000,0,1,0,0,0,0,0,0,2,0,,0,,0,,0,0,0,1
1744615501,599000,3,3,4,4,1.951,2,0,0.01 | 0.01 | 0.01,0,1.85 | 1.89 | 1.93,0,1.04 | 1.06 | 1.08,697.814,0.000,0,1,0,0,0,0,0,0,2,0,,0,,0,,0,0,0,1
1744615502,599000,3,3,4,4,1.951,2,0,0.01 | 0.01 | 0.01,0,1.85 | 1.89 | 1.93,0,1.04 | 1.06 | 1.08,697.814,0.000,0,1,0,0,0,0,0,0,2,0,,0,,0,,0,0,0,1
1744615502,599000,3,3,4,4,1.951,2,0,0.01 | 0.01 | 0.01,0,1.85 | 1.89 | 1.93,0,1.04 | 1.06 | 1.08,697.814,0.000,0,1,0,0,0,0,0,0,2,0,,0,,0,,0,0,0,1
1744615502,599000,3,3,4,4,1.951,2,0,0.01 | 0.01 | 0.01,0,1.85 | 1.89 | 1.93,0,1.04 | 1.06 | 1.08,697.814,0.000,0,1,0,0,0,0,0,0,2,0,,0,,0,,0,0,0,1
1744615502,599000,3,3,4,4,1.951,2,0,0.01 | 0.01 | 0.01,0,1.85 | 1.89 | 1.93,0,1.04 | 1.06 | 1.08,697.814,0.000,0,1,0,0,0,0,0,0,2,0,,0,,0,,0,0,0,1
1744615502,599000,3,3,4,4,1.951,2,0,0.01 | 0.01 | 0.01,0,1.85 | 1.89 | 1.93,0,1.04 | 1.06 | 1.08,697.814,0.000,0,1,0,0,0,0,0,0,2,0,,0,,0,,0,0,0,1
1744615502,599000,3,3,4,4,2.821,2,0,0.01 | 0.01 | 0.01,0,1.85 | 1.88 | 1.93,0,1.04 | 1.06 | 1.08,696.240,0.000,0,1,0,0,0,0,0,0,2,0,,0,,0,,0,0,0,1
1744615502,599000,3,3,4,4,2.821,2,0,0.01 | 0.01 | 0.01,0,1.85 | 1.88 | 1.93,0,1.04 | 1.06 | 1.08,696.240,0.000,0,1,0,0,0,0,0,0,2,0,,0,,0,,0,0,0,1
1744615502,599000,3,3,4,4,2.821,2,0,0.01 | 0.01 | 0.01,0,1.85 | 1.88 | 1.93,0,1.04 | 1.06 | 1.08,696.240,0.000,0,1,0,0,0,0,0,0,2,0,,0,,0,,0,0,0,1
1744615502,599000,3,3,4,4,2.821,2,0,0.01 | 0.01 | 0.01,0,1.85 | 1.88 | 1.93,0,1.04 | 1.06 | 1.08,696.240,0.000,0,1,0,0,0,0,0,0,2,0,,0,,0,,0,0,0,1
1744615503,599000,3,3,4,4,2.821,2,0,0.01 | 0.01 | 0.01,0,1.85 | 1.88 | 1.93,0,1.04 | 1.06 | 1.08,696.240,0.000,0,1,0,0,0,0,0,0,2,0,,0,,0,,0,0,0,1
1744615503,599000,3,3,4,4,2.821,2,0,0.01 | 0.01 | 0.01,0,1.85 | 1.88 | 1.93,0,1.04 | 1.06 | 1.08,696.240,0.000,0,1,0,0,0,0,0,0,2,0,,0,,0,,0,0,0,1
1744615503,599000,3,3,4,4,2.821,2,0,0.01 | 0.01 | 0.01,0,1.85 | 1.88 | 1.93,0,1.04 | 1.06 | 1.08,696.240,0.000,0,1,0,0,0,0,0,0,2,0,,0,,0,,0,0,0,1
1744615503,599000,3,3,4,4,2.821,2,0,0.01 | 0.01 | 0.01,0,1.85 | 1.88 | 1.93,0,1.04 | 1.06 | 1.08,696.240,0.000,0,1,0,0,0,0,0,0,2,0,,0,,0,,0,0,0,1
1744615503,599000,3,3,4,4,2.821,2,0,0.01 | 0.01 | 0.01,0,1.85 | 1.88 | 1.93,0,1.04 | 1.06 | 1.08,696.240,0.000,0,1,0,0,0,0,0,0,2,0,,0,,0,,0,0,0,1
1744615503,599000,3,3,4,4,2.821,2,0,0.01 | 0.01 | 0.01,0,1.85 | 1.88 | 1.93,0,1.04 | 1.06 | 1.08,696.240,0.000,0,1,0,0,0,0,0,0,2,0,,0,,0,,0,0,0,1
1744615503,599000,3,3,4,4,1.826,2,0,0.01 | 0.01 | 0.01,0,1.85 | 1.88 | 1.93,0,1.04 | 1.06 | 1.08,696.240,0.000,0,1,0,0,0,0,0,0,2,0,,0,,0,,0,0,0,1
1744615503,599000,3,3,4,4,1.826,2,0,0.01 | 0.01 | 0.01,0,1.85 | 1.88 | 1.93,0,1.04 | 1.06 | 1.08,696.240,0.000,0,1,0,0,0,0,0,0,2,0,,0,,0,,0,0,0,1
1744615503,599000,3,3,4,4,1.826,2,0,0.01 | 0.01 | 0.01,0,1.85 | 1.88 | 1.93,0,1.04 | 1.06 | 1.08,696.240,0.000,0,1,0,0,0,0,0,0,2,0,,0,,0,,0,0,0,1
1744615503,599000,3,3,4,4,1.826,2,0,0.01 | 0.01 | 0.01,0,1.85 | 1.88 | 1.93,0,1.04 | 1.06 | 1.08,696.240,0.000,0,1,0,0,0,0,0,0,2,0,,0,,0,,0,0,0,1
1744615504,599000,3,3,4,4,1.826,2,0,0.01 | 0.01 | 0.01,0,1.85 | 1.88 | 1.93,0,1.04 | 1.06 | 1.08,696.240,0.000,0,1,0,0,0,0,0,0,2,0,,0,,0,,0,0,0,1
1744615504,599000,3,3,4,4,1.826,2,0,0.01 | 0.01 | 0.01,0,1.85 | 1.88 | 1.93,0,1.04 | 1.06 | 1.08,696.240,0.000,0,1,0,0,0,0,0,0,2,0,,0,,0,,0,0,0,1
1744615504,599000,3,3,4,4,1.826,2,0,0.01 | 0.01 | 0.01,0,1.85 | 1.88 | 1.93,0,1.04 | 1.06 | 1.08,696.240,0.000,0,1,0,0,0,0,0,0,2,0,,0,,0,,0,0,0,1
1744615504,599000,3,3,4,4,1.826,2,0,0.01 | 0.01 | 0.01,0,1.85 | 1.88 | 1.93,0,1.04 | 1.06 | 1.08,696.240,0.000,0,1,0,0,0,0,0,0,2,0,,0,,0,,0,0,0,1
1744615504,599000,3,3,4,4,1.826,2,0,0.01 | 0.01 | 0.01,0,1.85 | 1.88 | 1.93,0,1.04 | 1.06 | 1.08,696.240,0.000,0,1,0,0,0,0,0,0,2,0,,0,,0,,0,0,0,1
1744615504,599000,3,3,4,4,2.859,2,0,0.01 | 0.01 | 0.02,0,1.78 | 1.84 | 1.87,0,1.07 | 1.09 | 1.12,709.738,0.000,0,1,0,0,0,0,0,0,2,0,,0,,0,,0,0,0,1
1744615504,599000,3,3,4,4,2.859,2,0,0.01 | 0.01 | 0.02,0,1.78 | 1.84 | 1.87,0,1.07 | 1.09 | 1.12,709.738,0.000,0,1,0,0,0,0,0,0,2,0,,0,,0,,0,0,0,1
1744615504,599000,3,3,4,4,2.859,2,0,0.01 | 0.01 | 0.02,0,1.78 | 1.84 | 1.87,0,1.07 | 1.09 | 1.12,709.738,0.000,0,1,0,0,0,0,0,0,2,0,,0,,0,,0,0,0,1
1744615504,599000,3,3,4,4,2.859,2,0,0.01 | 0.01 | 0.02,0,1.78 | 1.84 | 1.87,0,1.07 | 1.09 | 1.12,709.738,0.000,0,1,0,0,0,0,0,0,2,0,,0,,0,,0,0,0,1
1744615505,599000,3,3,4,4,2.859,2,0,0.01 | 0.01 | 0.02,0,1.78 | 1.84 | 1.87,0,1.07 | 1.09 | 1.12,709.738,0.000,0,1,0,0,0,0,0,0,2,0,,0,,0,,0,0,0,1
1744615505,599000,3,3,4,4,2.859,2,0,0.01 | 0.01 | 0.02,0,1.78 | 1.84 | 1.87,0,1.07 | 1.09 | 1.12,709.738,0.000,0,1,0,0,0,0,0,0,2,0,,0,,0,,0,0,0,1
1744615505,599000,3,3,4,4,2.859,2,0,0.01 | 0.01 | 0.02,0,1.78 | 1.84 | 1.87,0,1.07 | 1.09 | 1.12,709.738,0.000,0,1,0,0,0,0,0,0,2,0,,0,,0,,0,0,0,1
1744615505,599000,3,3,4,4,2.859,2,0,0.01 | 0.01 | 0.02,0,1.78 | 1.84 | 1.87,0,1.07 | 1.09 | 1.12,709.738,0.000,0,1,0,0,0,0,0,0,2,0,,0,,0,,0,0,0,1
1744615505,599000,3,3,4,4,2.859,2,0,0.01 | 0.01 | 0.02,0,1.78 | 1.84 | 1.87,0,1.07 | 1.09 | 1.12,709.738,0.000,0,1,0,0,0,0,0,0,2,0,,0,,0,,0,0,0,1
1744615505,599000,3,3,4,4,2.859,2,0,0.01 | 0.01 | 0.02,0,1.78 | 1.84 | 1.87,0,1.07 | 1.09 | 1.12,709.738,0.000,0,1,0,0,0,0,0,0,2,0,,0,,0,,0,0,0,1
1744615505,599000,3,3,4,4,1.951,2,0,0.01 | 0.01 | 0.02,0,1.78 | 1.84 | 1.87,0,1.07 | 1.09 | 1.12,709.738,0.000,0,1,0,0,0,0,0,0,2,0,,0,,0,,0,0,0,1
1744615505,599000,3,3,4,4,1.951,2,0,0.01 | 0.01 | 0.02,0,1.78 | 1.84 | 1.87,0,1.07 | 1.09 | 1.12,709.738,0.000,0,1,0,0,0,0,0,0,2,0,,0,,0,,0,0,0,1
1744615505,599000,3,3,4,4,1.951,2,0,0.01 | 0.01 | 0.02,0,1.78 | 1.84 | 1.87,0,1.07 | 1.09 | 1.12,709.738,0.000,0,1,0,0,0,0,0,0,2,0,,0,,0,,0,0,0,1
1744615505,599000,3,3,4,4,1.951,2,0,0.01 | 0.01 | 0.02,0,1.78 | 1.84 | 1.87,0,1.07 | 1.09 | 1.12,709.738,0.000,0,1,0,0,0,0,0,0,2,0,,0,,0,,0,0,0,1
1744615506,599000,3,3,4,4,1.951,2,0,0.01 | 0.01 | 0.02,0,1.78 | 1.84 | 1.87,0,1.07 | 1.09 | 1.12,709.738,0.000,0,1,0,0,0,0,0,0,2,0,,0,,0,,0,0,0,1
1744615506,599000,3,3,4,4,1.951,2,0,0.01 | 0.01 | 0.02,0,1.78 | 1.84 | 1.87,0,1.07 | 1.09 | 1.12,709.738,0.000,0,1,0,0,0,0,0,0,2,0,,0,,0,,0,0,0,1
1744615506,599000,3,3,4,4,1.951,2,0,0.01 | 0.01 | 0.02,0,1.78 | 1.84 | 1.87,0,1.07 | 1.09 | 1.12,709.738,0.000,0,1,0,0,0,0,0,0,2,0,,0,,0,,0,0,0,1
1744615506,599000,3,3,4,4,1.951,2,0,0.01 | 0.01 | 0.02,0,1.78 | 1.84 | 1.87,0,1.07 | 1.09 | 1.12,709.738,0.000,0,1,0,0,0,0,0,0,2,0,,0,,0,,0,0,0,1
1744615506,599000,3,3,4,4,1.951,2,0,0.01 | 0.01 | 0.02,0,1.78 | 1.84 | 1.87,0,1.07 | 1.09 | 1.12,709.738,0.000,0,1,0,0,0,0,0,0,2,0,,0,,0,,0,0,0,1
1744615506,599000,3,3,4,4,2.865,2,0,0.01 | 0.01 | 0.02,0,1.78 | 1.83 | 1.87,0,1.07 | 1.09 | 1.12,710.072,0.000,0,1,0,0,0,0,0,0,2,0,,0,,0,,0,0,0,1
1744615506,599000,3,3,4,4,2.865,2,0,0.01 | 0.01 | 0.02,0,1.78 | 1.83 | 1.87,0,1.07 | 1.09 | 1.12,710.072,0.000,0,1,0,0,0,0,0,0,2,0,,0,,0,,0,0,0,1
1744615506,599000,3,3,4,4,2.865,2,0,0.01 | 0.01 | 0.02,0,1.78 | 1.83 | 1.87,0,1.07 | 1.09 | 1.12,710.072,0.000,0,1,0,0,0,0,0,0,2,0,,0,,0,,0,0,0,1
1744615506,599000,3,3,4,4,2.865,2,0,0.01 | 0.01 | 0.02,0,1.78 | 1.83 | 1.87,0,1.07 | 1.09 | 1.12,710.072,0.000,0,1,0,0,0,0,0,0,2,0,,0,,0,,0,0,0,1
1744615507,599000,3,3,4,4,2.865,2,0,0.01 | 0.01 | 0.02,0,1.78 | 1.83 | 1.87,0,1.07 | 1.09 | 1.12,710.072,0.000,0,1,0,0,0,0,0,0,2,0,,0,,0,,0,0,0,1
1744615507,599000,3,3,4,4,2.865,2,0,0.01 | 0.01 | 0.02,0,1.78 | 1.83 | 1.87,0,1.07 | 1.09 | 1.12,710.072,0.000,0,1,0,0,0,0,0,0,2,0,,0,,0,,0,0,0,1
1744615507,599000,3,3,4,4,2.865,2,0,0.01 | 0.01 | 0.02,0,1.78 | 1.83 | 1.87,0,1.07 | 1.09 | 1.12,710.072,0.000,0,1,0,0,0,0,0,0,2,0,,0,,0,,0,0,0,1
1744615507,599000,3,3,4,4,2.865,2,0,0.01 | 0.01 | 0.02,0,1.78 | 1.83 | 1.87,0,1.07 | 1.09 | 1.12,710.072,0.000,0,1,0,0,0,0,0,0,2,0,,0,,0,,0,0,0,1
1744615507,599000,3,3,4,4,2.865,2,0,0.01 | 0.01 | 0.02,0,1.78 | 1.83 | 1.87,0,1.07 | 1.09 | 1.12,710.072,0.000,0,1,0,0,0,0,0,0,2,0,,0,,0,,0,0,0,1
1744615507,599000,3,3,4,4,2.865,2,0,0.01 | 0.01 | 0.02,0,1.78 | 1.83 | 1.87,0,1.07 | 1.09 | 1.12,710.072,0.000,0,1,0,0,0,0,0,0,2,0,,0,,0,,0,0,0,1
1744615507,599000,3,3,4,4,1.936,2,0,0.01 | 0.01 | 0.02,0,1.78 | 1.83 | 1.87,0,1.07 | 1.09 | 1.12,710.072,0.000,0,1,0,0,0,0,0,0,2,0,,0,,0,,0,0,0,1
1744615507,599000,3,3,4,4,1.936,2,0,0.01 | 0.01 | 0.02,0,1.78 | 1.83 | 1.87,0,1.07 | 1.09 | 1.12,710.072,0.000,0,1,0,0,0,0,0,0,2,0,,0,,0,,0,0,0,1
1744615507,599000,3,3,4,4,1.936,2,0,0.01 | 0.01 | 0.02,0,1.78 | 1.83 | 1.87,0,1.07 | 1.09 | 1.12,710.072,0.000,0,1,0,0,0,0,0,0,2,0,,0,,0,,0,0,0,1
1744615507,599000,3,3,4,4,1.936,2,0,0.01 | 0.01 | 0.02,0,1.78 | 1.83 | 1.87,0,1.07 | 1.09 | 1.12,710.072,0.000,0,1,0,0,0,0,0,0,2,0,,0,,0,,0,0,0,1
1744615508,599000,3,3,4,4,1.936,2,0,0.01 | 0.01 | 0.02,0,1.78 | 1.83 | 1.87,0,1.07 | 1.09 | 1.12,710.072,0.000,0,1,0,0,0,0,0,0,2,0,,0,,0,,0,0,0,1
1744615508,599000,3,3,4,4,1.936,2,0,0.01 | 0.01 | 0.02,0,1.78 | 1.83 | 1.87,0,1.07 | 1.09 | 1.12,710.072,0.000,0,1,0,0,0,0,0,0,2,0,,0,,0,,0,0,0,1
1744615508,599000,3,3,4,4,1.936,2,0,0.01 | 0.01 | 0.02,0,1.78 | 1.83 | 1.87,0,1.07 | 1.09 | 1.12,710.072,0.000,0,1,0,0,0,0,0,0,2,0,,0,,0,,0,0,0,1
1744615508,599000,3,3,4,4,1.936,2,0,0.01 | 0.01 | 0.02,0,1.78 | 1.83 | 1.87,0,1.07 | 1.09 | 1.12,710.072,0.000,0,1,0,0,0,0,0,0,2,0,,0,,0,,0,0,0,1
1744615508,599000,3,3,4,4,1.936,2,0,0.01 | 0.01 | 0.02,0,1.78 | 1.83 | 1.87,0,1.07 | 1.09 | 1.12,710.072,0.000,0,1,0,0,0,0,0,0,2,0,,0,,0,,0,0,0,1
1744615508,599000,3,3,4,4,2.826,2,0,0.01 | 0.01 | 0.02,0,1.78 | 1.83 | 1.87,0,1.07 | 1.09 | 1.12,709.926,0.000,0,1,0,0,0,0,0,0,2,0,,0,,0,,0,0,0,1
1744615508,599000,3,3,4,4,2.826,2,0,0.01 | 0.01 | 0.02,0,1.78 | 1.83 | 1.87,0,1.07 | 1.09 | 1.12,709.926,0.000,0,1,0,0,0,0,0,0,2,0,,0,,0,,0,0,0,1
1744615508,599000,3,3,4,4,2.826,2,0,0.01 | 0.01 | 0.02,0,1.78 | 1.83 | 1.87,0,1.07 | 1.09 | 1.12,709.926,0.000,0,1,0,0,0,0,0,0,2,0,,0,,0,,0,0,0,1
1744615508,599000,3,3,4,4,2.826,2,0,0.01 | 0.01 | 0.02,0,1.78 | 1.83 | 1.87,0,1.07 | 1.09 | 1.12,709.926,0.000,0,1,0,0,0,0,0,0,2,0,,0,,0,,0,0,0,1
1744615509,599000,3,3,4,4,2.826,2,0,0.01 | 0.01 | 0.02,0,1.78 | 1.83 | 1.87,0,1.07 | 1.09 | 1.12,709.926,0.000,0,1,0,0,0,0,0,0,2,0,,0,,0,,0,0,0,1
1744615509,599000,3,3,4,4,2.826,2,0,0.01 | 0.01 | 0.02,0,1.78 | 1.83 | 1.87,0,1.07 | 1.09 | 1.12,709.926,0.000,0,1,0,0,0,0,0,0,2,0,,0,,0,,0,0,0,1
1744615509,599000,3,3,4,4,2.826,2,0,0.01 | 0.01 | 0.02,0,1.78 | 1.83 | 1.87,0,1.07 | 1.09 | 1.12,709.926,0.000,0,1,0,0,0,0,0,0,2,0,,0,,0,,0,0,0,1
1744615509,599000,3,3,4,4,2.826,2,0,0.01 | 0.01 | 0.02,0,1.78 | 1.83 | 1.87,0,1.07 | 1.09 | 1.12,709.926,0.000,0,1,0,0,0,0,0,0,2,0,,0,,0,,0,0,0,1
1744615509,599000,3,3,4,4,2.826,2,0,0.01 | 0.01 | 0.02,0,1.78 | 1.83 | 1.87,0,1.07 | 1.09 | 1.12,709.926,0.000,0,1,0,0,0,0,0,0,2,0,,0,,0,,0,0,0,1
1744615509,599000,3,3,4,4,2.826,2,0,0.01 | 0.01 | 0.02,0,1.78 | 1.83 | 1.87,0,1.07 | 1.09 | 1.12,709.926,0.000,0,1,0,0,0,0,0,0,2,0,,0,,0,,0,0,0,1
1744615509,599000,3,3,4,4,1.95,2,0,0.01 | 0.01 | 0.02,0,1.78 | 1.83 | 1.87,0,1.07 | 1.09 | 1.12,709.926,0.000,0,1,0,0,0,0,0,0,2,0,,0,,0,,0,0,0,1
1744615509,599000,3,3,4,4,1.95,2,0,0.01 | 0.01 | 0.02,0,1.78 | 1.83 | 1.87,0,1.07 | 1.09 | 1.12,709.926,0.000,0,1,0,0,0,0,0,0,2,0,,0,,0,,0,0,0,1
1744615509,599000,3,3,4,4,1.95,2,0,0.01 | 0.01 | 0.02,0,1.78 | 1.83 | 1.87,0,1.07 | 1.09 | 1.12,709.926,0.000,0,1,0,0,0,0,0,0,2,0,,0,,0,,0,0,0,1
1744615509,599000,3,3,4,4,1.95,2,0,0.01 | 0.01 | 0.02,0,1.78 | 1.83 | 1.87,0,1.07 | 1.09 | 1.12,709.926,0.000,0,1,0,0,0,0,0,0,2,0,,0,,0,,0,0,0,1
1744615510,599000,3,3,4,4,1.95,2,0,0.01 | 0.01 | 0.02,0,1.78 | 1.83 | 1.87,0,1.07 | 1.09 | 1.12,709.926,0.000,0,1,0,0,0,0,0,0,2,0,,0,,0,,0,0,0,1
1744615510,599000,3,3,4,4,1.95,2,0,0.01 | 0.01 | 0.02,0,1.78 | 1.83 | 1.87,0,1.07 | 1.09 | 1.12,709.926,0.000,0,1,0,0,0,0,0,0,2,0,,0,,0,,0,0,0,1
1744615510,599000,3,3,4,4,1.95,2,0,0.01 | 0.01 | 0.02,0,1.78 | 1.83 | 1.87,0,1.07 | 1.09 | 1.12,709.926,0.000,0,1,0,0,0,0,0,0,2,0,,0,,0,,0,0,0,1
1744615510,599000,3,3,4,4,1.95,2,0,0.01 | 0.01 | 0.02,0,1.78 | 1.83 | 1.87,0,1.07 | 1.09 | 1.12,709.926,0.000,0,1,0,0,0,0,0,0,2,0,,0,,0,,0,0,0,1
1744615510,599000,3,3,4,4,1.95,2,0,0.01 | 0.01 | 0.02,0,1.78 | 1.83 | 1.87,0,1.07 | 1.09 | 1.12,709.926,0.000,0,1,0,0,0,0,0,0,2,0,,0,,0,,0,0,0,1
1744615510,599000,3,3,4,4,1.95,2,0,0.01 | 0.01 | 0.02,0,1.78 | 1.83 | 1.87,0,1.07 | 1.09 | 1.12,709.926,0.000,0,1,0,0,0,0,0,0,2,0,,0,,0,,0,0,0,1
1744615510,599000,3,3,4,4,0.889,2,0,0.01 | 0.01 | 0.02,0,1.78 | 1.83 | 1.87,0,1.07 | 1.09 | 1.12,709.926,0.000,0,1,0,0,0,0,0,0,2,0,,0,,0,,0,0,0,1
1744615510,599000,3,3,4,4,0.889,2,0,0.01 | 0.01 | 0.02,0,1.78 | 1.83 | 1.87,0,1.07 | 1.09 | 1.12,709.926,0.000,0,1,0,0,0,0,0,0,2,0,,0,,0,,0,0,0,1
1744615510,599000,3,3,4,4,0.889,2,0,0.01 | 0.01 | 0.02,0,1.78 | 1.83 | 1.87,0,1.07 | 1.09 | 1.12,709.926,0.000,0,1,0,0,0,0,0,0,2,0,,0,,0,,0,0,0,1
1744615510,599000,3,3,4,4,0.889,2,0,0.01 | 0.01 | 0.02,0,1.78 | 1.83 | 1.87,0,1.07 | 1.09 | 1.12,709.926,0.000,0,1,0,0,0,0,0,0,2,0,,0,,0,,0,0,0,1
1744615511,599000,3,3,4,4,0.889,2,0,0.01 | 0.01 | 0.02,0,1.78 | 1.83 | 1.87,0,1.07 | 1.09 | 1.12,709.926,0.000,0,1,0,0,0,0,0,0,2,0,,0,,0,,0,0,0,1
1744615511,599000,3,3,4,4,0.889,2,0,0.01 | 0.01 | 0.02,0,1.78 | 1.83 | 1.87,0,1.07 | 1.09 | 1.12,709.926,0.000,0,1,0,0,0,0,0,0,2,0,,0,,0,,0,0,0,1
1744615511,599000,3,3,4,4,0.889,2,0,0.01 | 0.01 | 0.02,0,1.78 | 1.83 | 1.87,0,1.07 | 1.09 | 1.12,709.926,0.000,0,1,0,0,0,0,0,0,2,0,,0,,0,,0,0,0,1
1744615511,599000,3,3,4,4,0.889,2,0,0.01 | 0.01 | 0.02,0,1.78 | 1.83 | 1.87,0,1.07 | 1.09 | 1.12,709.926,0.000,0,1,0,0,0,0,0,0,2,0,,0,,0,,0,0,0,1
